instrument,timeframe,timestamp,open,high,low,close
USOUSD,D1,2019-01-02 01:00:00+00:00,45.786,47.907,44.502,46.444
USOUSD,D1,2019-01-03 01:00:00+00:00,46.38,47.635,45.53,46.962
USOUSD,D1,2019-01-04 01:00:00+00:00,47.067,49.375,46.818,48.442
USOUSD,D1,2019-01-07 01:00:00+00:00,48.776,49.977,48.525,48.926
USOUSD,D1,2019-01-08 01:00:00+00:00,48.908,50.132,48.498,49.968
USOUSD,D1,2019-01-09 01:00:00+00:00,49.978,52.762,49.978,52.388
USOUSD,D1,2019-01-10 01:00:00+00:00,52.376,52.993,51.616,52.505
USOUSD,D1,2019-01-11 01:00:00+00:00,52.486,53.529,51.421,51.923
USOUSD,D1,2019-01-14 01:00:00+00:00,52.11,52.11,50.632,50.981
USOUSD,D1,2019-01-15 01:00:00+00:00,51.021,52.536,50.912,52.25
USOUSD,D1,2019-01-16 01:00:00+00:00,52.252,52.76,51.533,52.59
USOUSD,D1,2019-01-17 01:00:00+00:00,52.545,52.854,51.277,52.444
USOUSD,D1,2019-01-18 01:00:00+00:00,52.425,54.117,52.425,53.957
USOUSD,D1,2019-01-21 01:00:00+00:00,53.753,54.474,53.663,54.185
USOUSD,D1,2019-01-22 01:00:00+00:00,54.181,54.181,52.087,52.99
USOUSD,D1,2019-01-23 01:00:00+00:00,53.043,53.665,51.895,52.431
USOUSD,D1,2019-01-24 01:00:00+00:00,52.487,53.493,52.115,53.208
USOUSD,D1,2019-01-25 01:00:00+00:00,53.245,53.965,52.956,53.581
USOUSD,D1,2019-01-28 01:00:00+00:00,53.435,53.683,51.416,52.144
USOUSD,D1,2019-01-29 01:00:00+00:00,52.17,53.994,51.967,53.303
USOUSD,D1,2019-01-30 01:00:00+00:00,53.346,54.996,53.186,54.284
USOUSD,D1,2019-01-31 01:00:00+00:00,54.344,55.438,53.705,54.103
USOUSD,D1,2019-02-01 01:00:00+00:00,54.101,55.732,53.477,55.451
USOUSD,D1,2019-02-04 01:00:00+00:00,55.355,55.884,53.452,55.013
USOUSD,D1,2019-02-05 01:00:00+00:00,54.987,55.361,53.666,53.86
USOUSD,D1,2019-02-06 01:00:00+00:00,53.914,54.473,53.055,54.103
USOUSD,D1,2019-02-07 01:00:00+00:00,54.149,54.406,52.009,52.804
USOUSD,D1,2019-02-08 01:00:00+00:00,52.821,53.213,52.307,52.929
USOUSD,D1,2019-02-11 01:00:00+00:00,52.657,52.933,51.512,52.695
USOUSD,D1,2019-02-12 01:00:00+00:00,52.701,54.309,52.659,53.608
USOUSD,D1,2019-02-13 01:00:00+00:00,53.64,54.892,53.577,54.282
USOUSD,D1,2019-02-14 01:00:00+00:00,54.448,54.998,53.461,54.777
USOUSD,D1,2019-02-15 01:00:00+00:00,54.766,56.139,54.549,56.117
USOUSD,D1,2019-02-18 01:00:00+00:00,56.234,56.706,56.085,56.438
USOUSD,D1,2019-02-19 01:00:00+00:00,56.438,56.605,55.657,56.422
USOUSD,D1,2019-02-20 01:00:00+00:00,56.407,57.55,55.803,57.256
USOUSD,D1,2019-02-21 01:00:00+00:00,57.277,57.6,56.677,56.896
USOUSD,D1,2019-02-22 01:00:00+00:00,56.882,57.844,56.849,57.147
USOUSD,D1,2019-02-25 01:00:00+00:00,57.533,57.604,55.182,55.5
USOUSD,D1,2019-02-26 01:00:00+00:00,55.531,56.182,55.126,56.077
USOUSD,D1,2019-02-27 01:00:00+00:00,56.052,57.499,55.84,57.09
USOUSD,D1,2019-02-28 01:00:00+00:00,57.076,57.528,56.55,57.35
USOUSD,D1,2019-03-01 01:00:00+00:00,57.376,57.979,55.705,55.89
USOUSD,D1,2019-03-04 01:00:00+00:00,56.224,57.163,55.989,56.606
USOUSD,D1,2019-03-05 01:00:00+00:00,56.617,57.356,56.261,56.44
USOUSD,D1,2019-03-06 01:00:00+00:00,56.426,56.603,55.68,56.392
USOUSD,D1,2019-03-07 01:00:00+00:00,56.395,57.18,56.289,56.599
USOUSD,D1,2019-03-08 01:00:00+00:00,56.614,56.664,54.729,56.213
USOUSD,D1,2019-03-11 01:00:00+00:00,56.377,57.204,56.273,57.002
USOUSD,D1,2019-03-12 01:00:00+00:00,57.0,57.771,56.987,57.323
USOUSD,D1,2019-03-13 01:00:00+00:00,57.299,58.708,57.246,58.567
USOUSD,D1,2019-03-14 01:00:00+00:00,58.549,58.985,58.25,58.752
USOUSD,D1,2019-03-15 01:00:00+00:00,58.712,59.171,57.984,58.662
USOUSD,D1,2019-03-18 01:00:00+00:00,58.72,59.507,58.339,59.254
USOUSD,D1,2019-03-19 01:00:00+00:00,59.245,59.84,58.888,59.284
USOUSD,D1,2019-03-20 01:00:00+00:00,59.274,60.265,58.576,59.987
USOUSD,D1,2019-03-21 01:00:00+00:00,59.976,60.386,59.664,59.871
USOUSD,D1,2019-03-22 01:00:00+00:00,59.886,60.062,58.289,58.977
USOUSD,D1,2019-03-25 01:00:00+00:00,58.844,59.376,58.215,59.098
USOUSD,D1,2019-03-26 01:00:00+00:00,59.13,60.371,59.13,60.051
USOUSD,D1,2019-03-27 01:00:00+00:00,60.018,60.23,58.847,59.443
USOUSD,D1,2019-03-28 01:00:00+00:00,59.473,59.566,58.252,59.557
USOUSD,D1,2019-03-29 01:00:00+00:00,59.565,60.751,59.469,60.228
USOUSD,D1,2019-04-01 02:00:00+00:00,60.406,61.824,60.398,61.798
USOUSD,D1,2019-04-02 02:00:00+00:00,61.791,62.733,61.636,62.58
USOUSD,D1,2019-04-03 02:00:00+00:00,62.633,62.984,62.072,62.5
USOUSD,D1,2019-04-04 02:00:00+00:00,62.54,62.781,61.931,62.211
USOUSD,D1,2019-04-05 02:00:00+00:00,62.214,63.337,61.856,63.29
USOUSD,D1,2019-04-08 02:00:00+00:00,63.414,64.4,63.143,64.39
USOUSD,D1,2019-04-09 02:00:00+00:00,64.358,64.701,63.635,64.117
USOUSD,D1,2019-04-10 02:00:00+00:00,64.19,64.674,63.999,64.494
USOUSD,D1,2019-04-11 02:00:00+00:00,64.489,64.489,63.344,63.767
USOUSD,D1,2019-04-12 02:00:00+00:00,63.762,64.661,63.747,63.868
USOUSD,D1,2019-04-15 02:00:00+00:00,63.738,63.855,63.163,63.66
USOUSD,D1,2019-04-16 02:00:00+00:00,63.68,64.461,63.124,64.441
USOUSD,D1,2019-04-17 02:00:00+00:00,64.426,64.693,63.74,63.825
USOUSD,D1,2019-04-18 02:00:00+00:00,63.835,64.211,63.526,64.057
USOUSD,D1,2019-04-22 02:00:00+00:00,64.465,65.97,64.461,65.653
USOUSD,D1,2019-04-23 02:00:00+00:00,65.707,66.545,65.55,66.153
USOUSD,D1,2019-04-24 02:00:00+00:00,66.103,66.393,65.646,65.769
USOUSD,D1,2019-04-25 02:00:00+00:00,65.758,66.263,64.909,65.102
USOUSD,D1,2019-04-26 02:00:00+00:00,65.109,65.109,62.284,62.858
USOUSD,D1,2019-04-29 02:00:00+00:00,62.84,63.686,62.486,63.611
USOUSD,D1,2019-04-30 02:00:00+00:00,63.591,64.752,63.298,63.489
USOUSD,D1,2019-05-01 02:00:00+00:00,63.454,63.942,62.798,63.629
USOUSD,D1,2019-05-02 02:00:00+00:00,63.587,63.687,60.983,61.58
USOUSD,D1,2019-05-03 02:00:00+00:00,61.577,62.537,61.329,61.91
USOUSD,D1,2019-05-06 02:00:00+00:00,60.545,62.977,60.091,62.563
USOUSD,D1,2019-05-07 02:00:00+00:00,62.221,62.535,60.705,61.463
USOUSD,D1,2019-05-08 02:00:00+00:00,61.481,62.407,61.113,62.054
USOUSD,D1,2019-05-09 02:00:00+00:00,62.072,62.26,60.988,61.669
USOUSD,D1,2019-05-10 02:00:00+00:00,61.699,62.536,61.496,61.833
USOUSD,D1,2019-05-13 02:00:00+00:00,61.419,63.423,60.77,60.957
USOUSD,D1,2019-05-14 02:00:00+00:00,60.968,62.227,60.825,61.474
USOUSD,D1,2019-05-15 02:00:00+00:00,61.509,62.515,61.002,62.316
USOUSD,D1,2019-05-16 02:00:00+00:00,62.305,63.648,62.305,63.282
USOUSD,D1,2019-05-17 02:00:00+00:00,63.262,63.776,62.673,62.875
USOUSD,D1,2019-05-20 02:00:00+00:00,63.551,63.936,62.592,63.277
USOUSD,D1,2019-05-21 02:00:00+00:00,63.242,63.753,62.775,62.956
USOUSD,D1,2019-05-22 02:00:00+00:00,62.972,62.972,61.027,61.303
USOUSD,D1,2019-05-23 02:00:00+00:00,61.258,61.414,57.332,58.179
USOUSD,D1,2019-05-24 02:00:00+00:00,58.21,59.098,57.499,59.003
USOUSD,D1,2019-05-27 02:00:00+00:00,58.791,59.293,58.145,59.167
USOUSD,D1,2019-05-28 02:00:00+00:00,59.191,59.579,58.676,59.114
USOUSD,D1,2019-05-29 02:00:00+00:00,59.13,59.143,56.982,59.095
USOUSD,D1,2019-05-30 02:00:00+00:00,59.135,59.687,56.373,56.439
USOUSD,D1,2019-05-31 02:00:00+00:00,56.489,56.489,53.097,53.374
USOUSD,D1,2019-06-03 02:00:00+00:00,52.864,54.644,52.659,52.883
USOUSD,D1,2019-06-04 02:00:00+00:00,52.93,53.832,52.475,52.985
USOUSD,D1,2019-06-05 02:00:00+00:00,52.943,53.464,50.688,51.747
USOUSD,D1,2019-06-06 02:00:00+00:00,51.737,53.354,51.258,53.225
USOUSD,D1,2019-06-07 02:00:00+00:00,53.16,54.381,52.702,54.091
USOUSD,D1,2019-06-10 02:00:00+00:00,54.536,54.643,53.188,53.542
USOUSD,D1,2019-06-11 02:00:00+00:00,53.521,54.181,53.1,53.191
USOUSD,D1,2019-06-12 02:00:00+00:00,53.213,53.213,50.91,51.263
USOUSD,D1,2019-06-13 02:00:00+00:00,51.198,53.618,51.121,52.381
USOUSD,D1,2019-06-14 02:00:00+00:00,52.381,53.196,51.91,52.71
USOUSD,D1,2019-06-17 02:00:00+00:00,52.894,52.964,51.806,52.091
USOUSD,D1,2019-06-18 02:00:00+00:00,52.112,54.493,51.702,54.254
USOUSD,D1,2019-06-19 02:00:00+00:00,54.275,54.626,53.488,54.367
USOUSD,D1,2019-06-20 02:00:00+00:00,54.362,57.337,54.362,57.114
USOUSD,D1,2019-06-21 02:00:00+00:00,57.204,57.951,56.644,57.572
USOUSD,D1,2019-06-24 02:00:00+00:00,57.811,58.199,56.743,57.731
USOUSD,D1,2019-06-25 02:00:00+00:00,57.715,58.822,57.199,58.728
USOUSD,D1,2019-06-26 02:00:00+00:00,58.773,59.896,58.644,59.185
USOUSD,D1,2019-06-27 02:00:00+00:00,59.22,59.705,58.596,59.275
USOUSD,D1,2019-06-28 02:00:00+00:00,59.213,59.78,57.745,58.18
USOUSD,D1,2019-07-01 02:00:00+00:00,59.525,60.272,58.337,59.187
USOUSD,D1,2019-07-02 02:00:00+00:00,59.133,59.428,56.11,56.336
USOUSD,D1,2019-07-03 02:00:00+00:00,56.514,57.478,56.079,57.385
USOUSD,D1,2019-07-04 02:00:00+00:00,57.383,57.593,56.509,56.695
USOUSD,D1,2019-07-05 02:00:00+00:00,56.801,57.813,56.33,57.756
USOUSD,D1,2019-07-08 02:00:00+00:00,57.676,58.488,57.352,57.58
USOUSD,D1,2019-07-09 02:00:00+00:00,57.6,58.562,57.377,58.397
USOUSD,D1,2019-07-10 02:00:00+00:00,58.424,60.571,58.424,60.324
USOUSD,D1,2019-07-11 02:00:00+00:00,60.455,60.964,60.184,60.461
USOUSD,D1,2019-07-12 02:00:00+00:00,60.477,60.772,59.991,60.401
USOUSD,D1,2019-07-15 02:00:00+00:00,60.183,60.952,59.296,59.374
USOUSD,D1,2019-07-16 02:00:00+00:00,59.324,60.127,57.157,57.557
USOUSD,D1,2019-07-17 02:00:00+00:00,57.583,58.45,56.33,56.646
USOUSD,D1,2019-07-18 02:00:00+00:00,56.646,57.423,54.845,55.73
USOUSD,D1,2019-07-19 02:00:00+00:00,55.78,56.466,55.122,55.892
USOUSD,D1,2019-07-22 02:00:00+00:00,56.226,57.006,55.824,56.215
USOUSD,D1,2019-07-23 02:00:00+00:00,56.2,57.382,55.737,57.164
USOUSD,D1,2019-07-24 02:00:00+00:00,57.154,57.628,55.348,55.924
USOUSD,D1,2019-07-25 02:00:00+00:00,55.885,56.987,55.82,55.926
USOUSD,D1,2019-07-26 02:00:00+00:00,55.921,56.573,55.71,56.201
USOUSD,D1,2019-07-29 02:00:00+00:00,56.018,57.107,55.847,57.06
USOUSD,D1,2019-07-30 02:00:00+00:00,57.046,58.456,56.984,58.333
USOUSD,D1,2019-07-31 02:00:00+00:00,58.352,58.812,57.806,57.888
USOUSD,D1,2019-08-01 02:00:00+00:00,57.829,57.989,53.619,54.496
USOUSD,D1,2019-08-02 02:00:00+00:00,54.47,56.041,54.363,55.203
USOUSD,D1,2019-08-05 02:00:00+00:00,55.323,55.575,54.222,54.885
USOUSD,D1,2019-08-06 02:00:00+00:00,54.069,55.314,53.265,53.406
USOUSD,D1,2019-08-07 02:00:00+00:00,53.3,53.716,50.485,52.224
USOUSD,D1,2019-08-08 02:00:00+00:00,52.156,52.982,51.849,52.832
USOUSD,D1,2019-08-09 02:00:00+00:00,52.701,54.767,52.304,54.135
USOUSD,D1,2019-08-12 02:00:00+00:00,54.124,55.056,53.464,54.661
USOUSD,D1,2019-08-13 02:00:00+00:00,54.739,57.376,54.141,56.66
USOUSD,D1,2019-08-14 02:00:00+00:00,56.693,56.816,53.98,54.895
USOUSD,D1,2019-08-15 02:00:00+00:00,54.849,55.291,53.75,54.594
USOUSD,D1,2019-08-16 02:00:00+00:00,54.608,55.599,54.198,54.834
USOUSD,D1,2019-08-19 02:00:00+00:00,55.165,56.257,54.81,56.057
USOUSD,D1,2019-08-20 02:00:00+00:00,56.077,56.536,55.126,56.074
USOUSD,D1,2019-08-21 02:00:00+00:00,56.044,57.082,55.513,55.825
USOUSD,D1,2019-08-22 02:00:00+00:00,55.865,56.409,54.816,55.342
USOUSD,D1,2019-08-23 02:00:00+00:00,55.316,55.55,53.216,53.882
USOUSD,D1,2019-08-26 02:00:00+00:00,53.057,55.176,53.037,53.728
USOUSD,D1,2019-08-27 02:00:00+00:00,53.722,55.63,53.641,55.63
USOUSD,D1,2019-08-28 02:00:00+00:00,55.601,56.619,55.273,55.822
USOUSD,D1,2019-08-29 02:00:00+00:00,55.806,56.762,55.344,56.494
USOUSD,D1,2019-08-30 02:00:00+00:00,56.488,56.601,54.459,55.029
USOUSD,D1,2019-09-02 02:00:00+00:00,54.69,55.102,54.212,54.642
USOUSD,D1,2019-09-03 02:00:00+00:00,54.722,54.899,52.762,53.797
USOUSD,D1,2019-09-04 02:00:00+00:00,53.785,56.463,53.727,55.867
USOUSD,D1,2019-09-05 02:00:00+00:00,55.832,57.619,55.644,56.078
USOUSD,D1,2019-09-06 02:00:00+00:00,56.043,56.857,54.768,56.573
USOUSD,D1,2019-09-09 02:00:00+00:00,56.763,58.052,56.513,57.927
USOUSD,D1,2019-09-10 02:00:00+00:00,57.919,58.649,57.1,57.775
USOUSD,D1,2019-09-11 02:00:00+00:00,57.775,58.194,55.538,55.885
USOUSD,D1,2019-09-12 02:00:00+00:00,55.867,56.275,53.938,55.043
USOUSD,D1,2019-09-13 02:00:00+00:00,55.078,55.591,54.375,54.778
USOUSD,D1,2019-09-16 02:00:00+00:00,61.193,63.114,58.623,61.656
USOUSD,D1,2019-09-17 02:00:00+00:00,61.58,62.361,58.272,58.507
USOUSD,D1,2019-09-18 02:00:00+00:00,58.611,59.249,57.561,58.145
USOUSD,D1,2019-09-19 02:00:00+00:00,58.085,59.449,58.0,58.597
USOUSD,D1,2019-09-20 02:00:00+00:00,58.682,59.201,57.901,58.34
USOUSD,D1,2019-09-23 02:00:00+00:00,58.633,58.819,57.343,58.419
USOUSD,D1,2019-09-24 02:00:00+00:00,58.347,58.438,56.665,56.709
USOUSD,D1,2019-09-25 02:00:00+00:00,56.64,56.959,55.58,56.588
USOUSD,D1,2019-09-26 02:00:00+00:00,56.572,56.773,55.368,56.488
USOUSD,D1,2019-09-27 02:00:00+00:00,56.472,56.695,54.71,56.091
USOUSD,D1,2019-09-30 02:00:00+00:00,56.004,56.089,53.944,54.134
USOUSD,D1,2019-10-01 02:00:00+00:00,54.181,54.784,52.996,53.853
USOUSD,D1,2019-10-02 02:00:00+00:00,53.869,54.335,52.105,52.392
USOUSD,D1,2019-10-03 02:00:00+00:00,52.387,52.822,50.933,52.246
USOUSD,D1,2019-10-04 02:00:00+00:00,52.21,53.274,51.999,52.926
USOUSD,D1,2019-10-07 02:00:00+00:00,52.581,53.983,52.523,52.739
USOUSD,D1,2019-10-08 02:00:00+00:00,52.753,53.218,51.781,52.556
USOUSD,D1,2019-10-09 02:00:00+00:00,52.516,53.696,52.294,52.619
USOUSD,D1,2019-10-10 02:00:00+00:00,52.679,53.952,52.11,53.851
USOUSD,D1,2019-10-11 02:00:00+00:00,53.855,54.936,53.659,54.907
USOUSD,D1,2019-10-14 02:00:00+00:00,54.843,54.844,52.825,53.508
USOUSD,D1,2019-10-15 02:00:00+00:00,53.483,53.816,52.433,52.972
USOUSD,D1,2019-10-16 02:00:00+00:00,52.949,53.802,52.583,53.047
USOUSD,D1,2019-10-17 02:00:00+00:00,53.072,54.236,52.713,54.135
USOUSD,D1,2019-10-18 02:00:00+00:00,54.192,54.669,53.419,53.804
USOUSD,D1,2019-10-21 02:00:00+00:00,53.66,54.145,52.85,53.627
USOUSD,D1,2019-10-22 02:00:00+00:00,53.602,54.787,53.217,54.319
USOUSD,D1,2019-10-23 02:00:00+00:00,54.294,56.057,53.621,55.88
USOUSD,D1,2019-10-24 02:00:00+00:00,55.894,56.501,55.401,56.087
USOUSD,D1,2019-10-25 02:00:00+00:00,56.042,56.724,55.594,56.634
USOUSD,D1,2019-10-28 01:00:00+00:00,56.699,56.918,55.593,55.748
USOUSD,D1,2019-10-29 01:00:00+00:00,55.848,55.931,54.633,55.51
USOUSD,D1,2019-10-30 01:00:00+00:00,55.512,55.762,54.471,54.904
USOUSD,D1,2019-10-31 01:00:00+00:00,54.918,55.587,53.75,54.145
USOUSD,D1,2019-11-01 01:00:00+00:00,54.095,56.341,54.095,56.172
USOUSD,D1,2019-11-04 01:00:00+00:00,56.029,57.426,55.741,56.549
USOUSD,D1,2019-11-05 01:00:00+00:00,56.518,57.51,56.334,57.266
USOUSD,D1,2019-11-06 01:00:00+00:00,57.233,57.841,56.134,56.398
USOUSD,D1,2019-11-07 01:00:00+00:00,56.383,57.823,56.273,57.06
USOUSD,D1,2019-11-08 01:00:00+00:00,57.11,57.456,55.752,57.411
USOUSD,D1,2019-11-11 01:00:00+00:00,57.072,57.343,56.249,56.927
USOUSD,D1,2019-11-12 01:00:00+00:00,56.944,57.556,56.574,56.802
USOUSD,D1,2019-11-13 01:00:00+00:00,56.798,57.555,56.23,57.38
USOUSD,D1,2019-11-14 01:00:00+00:00,57.369,57.815,56.727,56.971
USOUSD,D1,2019-11-15 01:00:00+00:00,56.954,58.057,56.503,57.946
USOUSD,D1,2019-11-18 01:00:00+00:00,57.828,58.129,56.63,56.95
USOUSD,D1,2019-11-19 01:00:00+00:00,56.98,57.184,55.143,55.227
USOUSD,D1,2019-11-20 01:00:00+00:00,55.252,57.338,54.82,57.06
USOUSD,D1,2019-11-21 01:00:00+00:00,57.01,58.624,56.568,58.293
USOUSD,D1,2019-11-22 01:00:00+00:00,58.302,58.689,57.47,57.891
USOUSD,D1,2019-11-25 01:00:00+00:00,57.864,58.089,57.169,57.868
USOUSD,D1,2019-11-26 01:00:00+00:00,57.847,58.512,57.726,58.292
USOUSD,D1,2019-11-27 01:00:00+00:00,58.262,58.632,57.477,58.107
USOUSD,D1,2019-11-28 01:00:00+00:00,58.093,58.255,57.601,58.204
USOUSD,D1,2019-11-29 01:00:00+00:00,58.077,58.13,54.997,55.426
USOUSD,D1,2019-12-02 01:00:00+00:00,56.131,56.646,55.589,55.949
USOUSD,D1,2019-12-03 01:00:00+00:00,55.883,56.735,55.325,56.224
USOUSD,D1,2019-12-04 01:00:00+00:00,56.357,58.579,56.221,58.273
USOUSD,D1,2019-12-05 01:00:00+00:00,58.308,59.03,58.039,58.254
USOUSD,D1,2019-12-06 01:00:00+00:00,58.235,59.763,57.651,59.063
USOUSD,D1,2019-12-09 01:00:00+00:00,58.777,59.151,58.173,58.822
USOUSD,D1,2019-12-10 01:00:00+00:00,58.796,59.412,58.464,58.993
USOUSD,D1,2019-12-11 01:00:00+00:00,59.006,59.1,58.014,58.713
USOUSD,D1,2019-12-12 01:00:00+00:00,58.792,59.615,58.663,59.11
USOUSD,D1,2019-12-13 01:00:00+00:00,59.275,60.388,59.188,59.702
USOUSD,D1,2019-12-16 01:00:00+00:00,59.761,60.278,59.705,60.128
USOUSD,D1,2019-12-17 01:00:00+00:00,60.113,60.941,59.957,60.471
USOUSD,D1,2019-12-18 01:00:00+00:00,60.45,61.073,60.221,60.771
USOUSD,D1,2019-12-19 01:00:00+00:00,60.771,61.358,60.662,61.054
USOUSD,D1,2019-12-20 01:00:00+00:00,61.043,61.156,59.995,60.338
USOUSD,D1,2019-12-23 01:00:00+00:00,60.351,60.717,60.057,60.59
USOUSD,D1,2019-12-24 01:00:00+00:00,60.62,61.097,60.434,61.097
USOUSD,D1,2019-12-26 01:00:00+00:00,61.171,61.739,61.007,61.653
USOUSD,D1,2019-12-27 01:00:00+00:00,61.629,61.886,61.173,61.599
USOUSD,D1,2019-12-30 01:00:00+00:00,61.578,62.236,60.974,61.541
USOUSD,D1,2019-12-31 01:00:00+00:00,61.555,61.73,60.522,60.932
USOUSD,D1,2020-01-02 01:00:00+00:00,61.228,61.3,60.525,61.034
USOUSD,D1,2020-01-03 01:00:00+00:00,61.066,63.907,60.998,62.918
USOUSD,D1,2020-01-06 01:00:00+00:00,63.713,64.536,62.482,62.681
USOUSD,D1,2020-01-07 01:00:00+00:00,62.741,62.968,61.988,62.518
USOUSD,D1,2020-01-08 01:00:00+00:00,62.679,65.214,59.022,59.866
USOUSD,D1,2020-01-09 01:00:00+00:00,59.889,60.173,58.56,59.505
USOUSD,D1,2020-01-10 01:00:00+00:00,59.47,59.677,58.788,59.085
USOUSD,D1,2020-01-13 01:00:00+00:00,58.922,59.201,57.914,58.079
USOUSD,D1,2020-01-14 01:00:00+00:00,58.059,58.71,57.734,58.142
USOUSD,D1,2020-01-15 01:00:00+00:00,58.142,58.383,57.403,58.109
USOUSD,D1,2020-01-16 01:00:00+00:00,58.079,58.85,57.585,58.595
USOUSD,D1,2020-01-17 01:00:00+00:00,58.535,58.969,58.294,58.788
USOUSD,D1,2020-01-20 01:00:00+00:00,59.203,59.242,58.553,58.693
USOUSD,D1,2020-01-21 01:00:00+00:00,58.728,58.828,57.689,58.242
USOUSD,D1,2020-01-22 01:00:00+00:00,58.252,58.296,56.066,56.092
USOUSD,D1,2020-01-23 01:00:00+00:00,56.142,56.161,54.772,55.69
USOUSD,D1,2020-01-24 01:00:00+00:00,55.629,55.951,53.86,54.167
USOUSD,D1,2020-01-27 01:00:00+00:00,53.052,53.544,52.143,52.82
USOUSD,D1,2020-01-28 01:00:00+00:00,52.767,54.048,52.686,53.966
USOUSD,D1,2020-01-29 01:00:00+00:00,53.973,54.357,52.834,53.093
USOUSD,D1,2020-01-30 01:00:00+00:00,53.085,53.203,51.689,52.982
USOUSD,D1,2020-01-31 01:00:00+00:00,52.861,53.523,51.024,51.629
USOUSD,D1,2020-02-03 01:00:00+00:00,51.185,51.998,49.889,49.993
USOUSD,D1,2020-02-04 01:00:00+00:00,49.983,51.606,49.402,49.532
USOUSD,D1,2020-02-05 01:00:00+00:00,49.531,51.93,49.531,51.271
USOUSD,D1,2020-02-06 01:00:00+00:00,51.248,52.253,50.336,51.189
USOUSD,D1,2020-02-07 01:00:00+00:00,51.161,51.447,50.218,50.482
USOUSD,D1,2020-02-10 01:00:00+00:00,50.043,50.622,49.554,49.768
USOUSD,D1,2020-02-11 01:00:00+00:00,49.739,50.796,49.739,50.105
USOUSD,D1,2020-02-12 01:00:00+00:00,50.14,51.869,50.14,51.856
USOUSD,D1,2020-02-13 01:00:00+00:00,51.889,52.073,50.767,51.714
USOUSD,D1,2020-02-14 01:00:00+00:00,51.724,52.496,51.504,52.422
USOUSD,D1,2020-02-17 01:00:00+00:00,52.245,52.58,52.016,52.575
USOUSD,D1,2020-02-18 01:00:00+00:00,52.148,52.4,51.152,52.34
USOUSD,D1,2020-02-19 01:00:00+00:00,52.325,53.818,52.146,53.718
USOUSD,D1,2020-02-20 01:00:00+00:00,53.698,54.631,53.437,53.712
USOUSD,D1,2020-02-21 01:00:00+00:00,53.737,53.843,52.556,53.414
USOUSD,D1,2020-02-24 01:00:00+00:00,51.858,52.295,50.453,51.337
USOUSD,D1,2020-02-25 01:00:00+00:00,51.352,52.026,49.721,50.095
USOUSD,D1,2020-02-26 01:00:00+00:00,50.098,50.453,48.32,48.634
USOUSD,D1,2020-02-27 01:00:00+00:00,48.724,48.724,45.933,46.367
USOUSD,D1,2020-02-28 01:00:00+00:00,46.382,46.635,43.919,45.3
USOUSD,D1,2020-03-02 01:00:00+00:00,44.539,47.586,44.539,47.581
USOUSD,D1,2020-03-03 01:00:00+00:00,47.872,48.71,46.544,47.175
USOUSD,D1,2020-03-04 01:00:00+00:00,47.01,48.466,46.722,47.266
USOUSD,D1,2020-03-05 01:00:00+00:00,47.221,47.626,45.723,46.063
USOUSD,D1,2020-03-06 01:00:00+00:00,46.174,46.396,41.179,41.768
USOUSD,D1,2020-03-09 01:00:00+00:00,33.05,35.057,27.66,30.437
USOUSD,D1,2020-03-10 01:00:00+00:00,32.82,35.224,32.08,35.078
USOUSD,D1,2020-03-11 01:00:00+00:00,34.329,36.569,32.863,33.405
USOUSD,D1,2020-03-12 01:00:00+00:00,33.456,33.848,30.369,31.303
USOUSD,D1,2020-03-13 01:00:00+00:00,31.329,34.257,30.955,33.248
USOUSD,D1,2020-03-16 01:00:00+00:00,30.787,31.851,28.453,28.938
USOUSD,D1,2020-03-17 01:00:00+00:00,29.415,30.554,27.033,27.175
USOUSD,D1,2020-03-18 01:00:00+00:00,26.895,27.544,20.512,22.868
USOUSD,D1,2020-03-19 01:00:00+00:00,23.73,28.193,21.749,25.633
USOUSD,D1,2020-03-20 01:00:00+00:00,26.457,28.483,22.466,23.688
USOUSD,D1,2020-03-23 01:00:00+00:00,21.773,24.348,21.763,24.094
USOUSD,D1,2020-03-24 01:00:00+00:00,24.71,25.484,23.503,24.74
USOUSD,D1,2020-03-25 01:00:00+00:00,25.004,25.611,23.47,24.873
USOUSD,D1,2020-03-26 01:00:00+00:00,24.825,25.236,23.105,23.896
USOUSD,D1,2020-03-27 01:00:00+00:00,23.824,24.095,21.89,22.814
USOUSD,D1,2020-03-30 02:00:00+00:00,21.655,22.204,20.742,21.731
USOUSD,D1,2020-03-31 02:00:00+00:00,21.716,23.358,21.622,21.689
USOUSD,D1,2020-04-01 02:00:00+00:00,21.737,22.818,21.478,22.485
USOUSD,D1,2020-04-02 02:00:00+00:00,22.456,29.005,22.12,25.935
USOUSD,D1,2020-04-03 02:00:00+00:00,25.977,30.343,24.917,30.037
USOUSD,D1,2020-04-06 02:00:00+00:00,28.135,29.947,27.664,28.618
USOUSD,D1,2020-04-07 02:00:00+00:00,28.725,29.673,26.612,27.25
USOUSD,D1,2020-04-08 02:00:00+00:00,27.234,29.383,27.159,29.2
USOUSD,D1,2020-04-09 02:00:00+00:00,29.156,31.556,26.7,27.225
USOUSD,D1,2020-04-13 02:00:00+00:00,27.91,29.244,27.079,28.0
USOUSD,D1,2020-04-14 02:00:00+00:00,27.995,28.625,26.035,26.724
USOUSD,D1,2020-04-15 02:00:00+00:00,26.744,26.976,24.957,25.544
USOUSD,D1,2020-04-16 02:00:00+00:00,25.484,26.176,24.373,25.356
USOUSD,D1,2020-04-17 02:00:00+00:00,25.629,26.143,24.045,24.658
USOUSD,D1,2020-04-20 02:00:00+00:00,24.342,24.527,20.348,21.373
USOUSD,D1,2020-04-21 02:00:00+00:00,21.49,22.787,7.275,13.547
USOUSD,D1,2020-04-22 02:00:00+00:00,13.503,16.754,10.821,14.934
USOUSD,D1,2020-04-23 02:00:00+00:00,14.887,18.895,14.108,17.536
USOUSD,D1,2020-04-24 02:00:00+00:00,17.462,18.672,16.454,17.778
USOUSD,D1,2020-04-27 02:00:00+00:00,17.703,17.74,13.58,14.398
USOUSD,D1,2020-04-28 02:00:00+00:00,14.445,15.341,12.269,14.741
USOUSD,D1,2020-04-29 02:00:00+00:00,14.879,17.899,14.597,16.716
USOUSD,D1,2020-04-30 02:00:00+00:00,16.855,20.5,16.855,20.222
USOUSD,D1,2020-05-01 02:00:00+00:00,20.164,21.495,19.196,20.781
USOUSD,D1,2020-05-04 02:00:00+00:00,19.969,22.641,19.487,22.385
USOUSD,D1,2020-05-05 02:00:00+00:00,22.407,26.49,22.399,26.349
USOUSD,D1,2020-05-06 02:00:00+00:00,26.5,26.81,23.826,24.956
USOUSD,D1,2020-05-07 02:00:00+00:00,24.959,27.371,23.885,24.287
USOUSD,D1,2020-05-08 02:00:00+00:00,24.208,25.808,24.208,25.532
USOUSD,D1,2020-05-11 02:00:00+00:00,25.496,26.428,24.55,25.173
USOUSD,D1,2020-05-12 02:00:00+00:00,25.218,26.686,24.931,25.748
USOUSD,D1,2020-05-13 02:00:00+00:00,25.667,26.85,25.162,25.813
USOUSD,D1,2020-05-14 02:00:00+00:00,25.893,28.195,25.496,27.883
USOUSD,D1,2020-05-15 02:00:00+00:00,27.95,29.782,27.473,29.686
USOUSD,D1,2020-05-18 02:00:00+00:00,30.446,33.054,30.338,32.342
USOUSD,D1,2020-05-19 02:00:00+00:00,32.317,32.716,31.112,31.87
USOUSD,D1,2020-05-20 02:00:00+00:00,31.847,33.76,31.59,33.499
USOUSD,D1,2020-05-21 02:00:00+00:00,33.502,34.639,33.29,33.93
USOUSD,D1,2020-05-22 02:00:00+00:00,33.913,34.015,30.763,33.428
USOUSD,D1,2020-05-25 02:00:00+00:00,32.966,34.239,32.777,33.794
USOUSD,D1,2020-05-26 02:00:00+00:00,33.981,34.861,33.474,34.228
USOUSD,D1,2020-05-27 02:00:00+00:00,34.209,34.403,31.916,32.297
USOUSD,D1,2020-05-28 02:00:00+00:00,32.261,34.307,31.425,33.726
USOUSD,D1,2020-05-29 02:00:00+00:00,33.818,35.862,32.487,35.488
USOUSD,D1,2020-06-01 02:00:00+00:00,35.379,35.871,34.419,35.724
USOUSD,D1,2020-06-02 02:00:00+00:00,35.689,37.127,35.428,36.964
USOUSD,D1,2020-06-03 02:00:00+00:00,36.892,38.258,36.038,36.856
USOUSD,D1,2020-06-04 02:00:00+00:00,36.924,37.751,36.532,37.467
USOUSD,D1,2020-06-05 02:00:00+00:00,37.483,39.775,37.201,39.189
USOUSD,D1,2020-06-08 02:00:00+00:00,40.532,40.532,38.125,38.303
USOUSD,D1,2020-06-09 02:00:00+00:00,38.313,39.222,37.233,38.499
USOUSD,D1,2020-06-10 02:00:00+00:00,38.633,40.008,37.899,39.205
USOUSD,D1,2020-06-11 02:00:00+00:00,39.225,39.225,35.604,36.32
USOUSD,D1,2020-06-12 02:00:00+00:00,36.314,37.15,34.669,36.691
USOUSD,D1,2020-06-15 02:00:00+00:00,35.786,37.491,34.605,37.342
USOUSD,D1,2020-06-16 02:00:00+00:00,37.366,39.309,36.619,38.159
USOUSD,D1,2020-06-17 02:00:00+00:00,38.108,38.963,37.436,37.976
USOUSD,D1,2020-06-18 02:00:00+00:00,37.971,39.124,37.377,38.985
USOUSD,D1,2020-06-19 02:00:00+00:00,38.93,40.567,38.503,39.483
USOUSD,D1,2020-06-22 02:00:00+00:00,39.829,40.755,39.381,40.606
USOUSD,D1,2020-06-23 02:00:00+00:00,40.596,41.609,39.748,39.987
USOUSD,D1,2020-06-24 02:00:00+00:00,40.023,40.531,37.334,38.1
USOUSD,D1,2020-06-25 02:00:00+00:00,38.059,39.234,37.116,39.061
USOUSD,D1,2020-06-26 02:00:00+00:00,39.066,39.362,37.811,38.225
USOUSD,D1,2020-06-29 02:00:00+00:00,37.911,39.887,37.567,39.649
USOUSD,D1,2020-06-30 02:00:00+00:00,39.627,40.071,38.877,39.761
USOUSD,D1,2020-07-01 02:00:00+00:00,39.759,40.568,39.054,39.74
USOUSD,D1,2020-07-02 02:00:00+00:00,39.867,40.767,39.526,40.308
USOUSD,D1,2020-07-03 02:00:00+00:00,40.451,40.519,39.885,40.313
USOUSD,D1,2020-07-06 02:00:00+00:00,40.431,41.12,40.212,40.628
USOUSD,D1,2020-07-07 02:00:00+00:00,40.709,40.973,39.942,40.461
USOUSD,D1,2020-07-08 02:00:00+00:00,40.34,41.106,40.34,40.915
USOUSD,D1,2020-07-09 02:00:00+00:00,40.93,41.011,39.375,39.7
USOUSD,D1,2020-07-10 02:00:00+00:00,39.768,40.867,38.688,40.702
USOUSD,D1,2020-07-13 02:00:00+00:00,40.288,40.846,39.695,39.746
USOUSD,D1,2020-07-14 02:00:00+00:00,39.711,40.731,39.261,40.609
USOUSD,D1,2020-07-15 02:00:00+00:00,40.702,41.407,40.271,41.154
USOUSD,D1,2020-07-16 02:00:00+00:00,41.165,41.322,40.657,40.844
USOUSD,D1,2020-07-17 02:00:00+00:00,40.92,41.014,40.158,40.8
USOUSD,D1,2020-07-20 02:00:00+00:00,40.756,41.005,39.955,40.791
USOUSD,D1,2020-07-21 02:00:00+00:00,40.847,42.493,40.821,41.55
USOUSD,D1,2020-07-22 02:00:00+00:00,41.581,42.009,41.141,41.89
USOUSD,D1,2020-07-23 02:00:00+00:00,41.741,42.358,40.835,41.059
USOUSD,D1,2020-07-24 02:00:00+00:00,41.101,41.666,40.667,41.322
USOUSD,D1,2020-07-27 02:00:00+00:00,41.116,41.835,40.513,41.701
USOUSD,D1,2020-07-28 02:00:00+00:00,41.676,41.958,40.899,41.138
USOUSD,D1,2020-07-29 02:00:00+00:00,41.155,41.626,40.986,41.385
USOUSD,D1,2020-07-30 02:00:00+00:00,41.349,41.407,38.835,40.438
USOUSD,D1,2020-07-31 02:00:00+00:00,40.383,40.625,39.766,40.529
USOUSD,D1,2020-08-03 02:00:00+00:00,40.269,41.346,39.714,40.9
USOUSD,D1,2020-08-04 02:00:00+00:00,40.778,42.158,40.274,41.631
USOUSD,D1,2020-08-05 02:00:00+00:00,41.587,43.582,41.557,42.331
USOUSD,D1,2020-08-06 02:00:00+00:00,42.27,42.757,41.758,42.077
USOUSD,D1,2020-08-07 02:00:00+00:00,42.144,42.337,41.218,41.715
USOUSD,D1,2020-08-10 02:00:00+00:00,41.746,42.455,41.687,42.12
USOUSD,D1,2020-08-11 02:00:00+00:00,42.196,43.069,41.668,41.812
USOUSD,D1,2020-08-12 02:00:00+00:00,41.778,43.09,41.758,42.76
USOUSD,D1,2020-08-13 02:00:00+00:00,42.777,43.031,42.297,42.555
USOUSD,D1,2020-08-14 02:00:00+00:00,42.602,42.638,41.863,42.431
USOUSD,D1,2020-08-17 02:00:00+00:00,42.527,43.205,42.071,43.045
USOUSD,D1,2020-08-18 02:00:00+00:00,43.011,43.255,42.387,42.704
USOUSD,D1,2020-08-19 02:00:00+00:00,42.851,43.197,42.542,42.928
USOUSD,D1,2020-08-20 02:00:00+00:00,42.825,42.874,41.645,42.762
USOUSD,D1,2020-08-21 02:00:00+00:00,42.892,42.948,41.463,42.273
USOUSD,D1,2020-08-24 02:00:00+00:00,42.463,42.898,42.254,42.437
USOUSD,D1,2020-08-25 02:00:00+00:00,42.539,43.602,42.497,43.422
USOUSD,D1,2020-08-26 02:00:00+00:00,43.432,43.817,43.058,43.461
USOUSD,D1,2020-08-27 02:00:00+00:00,43.422,43.503,42.422,43.055
USOUSD,D1,2020-08-28 02:00:00+00:00,42.974,43.464,42.768,43.033
USOUSD,D1,2020-08-31 02:00:00+00:00,43.14,43.67,42.641,42.909
USOUSD,D1,2020-09-01 02:00:00+00:00,42.971,43.52,42.829,43.073
USOUSD,D1,2020-09-02 02:00:00+00:00,43.167,43.317,41.382,41.674
USOUSD,D1,2020-09-03 02:00:00+00:00,41.871,41.935,40.392,41.432
USOUSD,D1,2020-09-04 02:00:00+00:00,41.193,42.005,39.544,39.668
USOUSD,D1,2020-09-07 02:00:00+00:00,39.064,39.753,39.034,39.302
USOUSD,D1,2020-09-08 02:00:00+00:00,39.501,39.518,36.401,37.094
USOUSD,D1,2020-09-09 02:00:00+00:00,36.92,38.641,36.535,37.984
USOUSD,D1,2020-09-10 02:00:00+00:00,38.008,38.387,37.165,37.215
USOUSD,D1,2020-09-11 02:00:00+00:00,37.446,38.001,36.896,37.555
USOUSD,D1,2020-09-14 02:00:00+00:00,37.62,37.881,37.037,37.46
USOUSD,D1,2020-09-15 02:00:00+00:00,37.557,38.746,37.28,38.556
USOUSD,D1,2020-09-16 02:00:00+00:00,38.688,40.525,38.563,40.377
USOUSD,D1,2020-09-17 02:00:00+00:00,40.375,41.43,39.618,41.164
USOUSD,D1,2020-09-18 02:00:00+00:00,41.104,41.672,40.489,41.118
USOUSD,D1,2020-09-21 02:00:00+00:00,40.986,41.457,38.869,39.795
USOUSD,D1,2020-09-22 02:00:00+00:00,39.917,40.252,39.19,39.745
USOUSD,D1,2020-09-23 02:00:00+00:00,39.692,40.743,39.263,39.59
USOUSD,D1,2020-09-24 02:00:00+00:00,39.437,40.378,39.308,40.201
USOUSD,D1,2020-09-25 02:00:00+00:00,40.357,40.644,39.738,40.09
USOUSD,D1,2020-09-28 02:00:00+00:00,40.16,40.835,39.823,40.627
USOUSD,D1,2020-09-29 02:00:00+00:00,40.637,40.743,38.486,39.134
USOUSD,D1,2020-09-30 02:00:00+00:00,39.21,40.426,38.753,39.924
USOUSD,D1,2020-10-01 02:00:00+00:00,40.124,40.516,37.713,38.676
USOUSD,D1,2020-10-02 02:00:00+00:00,38.582,38.675,36.739,37.103
USOUSD,D1,2020-10-05 02:00:00+00:00,37.483,39.818,37.398,39.474
USOUSD,D1,2020-10-06 02:00:00+00:00,39.378,40.975,39.228,39.975
USOUSD,D1,2020-10-07 02:00:00+00:00,39.902,40.474,39.43,40.211
USOUSD,D1,2020-10-08 02:00:00+00:00,40.204,41.476,39.91,41.425
USOUSD,D1,2020-10-09 02:00:00+00:00,41.371,41.554,40.573,40.724
USOUSD,D1,2020-10-12 02:00:00+00:00,40.409,40.597,39.27,39.709
USOUSD,D1,2020-10-13 02:00:00+00:00,39.768,40.712,39.571,40.408
USOUSD,D1,2020-10-14 02:00:00+00:00,40.389,41.365,40.058,41.301
USOUSD,D1,2020-10-15 02:00:00+00:00,41.417,41.432,39.46,41.151
USOUSD,D1,2020-10-16 02:00:00+00:00,41.193,41.248,40.308,40.948
USOUSD,D1,2020-10-19 02:00:00+00:00,41.236,41.422,40.754,40.883
USOUSD,D1,2020-10-20 02:00:00+00:00,40.86,41.876,40.461,41.187
USOUSD,D1,2020-10-21 02:00:00+00:00,41.403,41.579,39.791,39.997
USOUSD,D1,2020-10-22 02:00:00+00:00,39.864,41.016,39.726,40.613
USOUSD,D1,2020-10-23 02:00:00+00:00,40.578,40.924,39.607,39.744
USOUSD,D1,2020-10-26 01:00:00+00:00,39.279,39.406,38.353,38.662
USOUSD,D1,2020-10-27 01:00:00+00:00,38.675,39.88,38.589,39.008
USOUSD,D1,2020-10-28 01:00:00+00:00,38.911,39.051,37.076,37.461
USOUSD,D1,2020-10-29 01:00:00+00:00,37.691,37.808,35.042,36.17
USOUSD,D1,2020-10-30 01:00:00+00:00,36.251,36.697,35.331,35.85
USOUSD,D1,2020-11-02 01:00:00+00:00,34.483,37.291,34.279,37.213
USOUSD,D1,2020-11-03 01:00:00+00:00,37.088,38.437,36.726,38.219
USOUSD,D1,2020-11-04 01:00:00+00:00,38.126,39.392,37.415,39.284
USOUSD,D1,2020-11-05 01:00:00+00:00,38.992,39.508,38.432,38.657
USOUSD,D1,2020-11-06 01:00:00+00:00,38.326,38.688,37.243,37.636
USOUSD,D1,2020-11-09 01:00:00+00:00,38.168,41.523,37.985,40.034
USOUSD,D1,2020-11-10 01:00:00+00:00,39.745,42.023,39.703,41.971
USOUSD,D1,2020-11-11 01:00:00+00:00,41.716,43.244,41.518,41.63
USOUSD,D1,2020-11-12 01:00:00+00:00,41.664,42.371,41.079,41.13
USOUSD,D1,2020-11-13 01:00:00+00:00,40.855,41.038,40.268,40.317
USOUSD,D1,2020-11-16 01:00:00+00:00,40.621,42.301,40.621,41.639
USOUSD,D1,2020-11-17 01:00:00+00:00,41.636,41.887,38.272,41.563
USOUSD,D1,2020-11-18 01:00:00+00:00,41.389,42.642,41.279,41.78
USOUSD,D1,2020-11-19 01:00:00+00:00,41.591,42.132,41.249,41.883
USOUSD,D1,2020-11-20 01:00:00+00:00,41.714,42.53,41.669,42.445
USOUSD,D1,2020-11-23 01:00:00+00:00,42.437,43.349,42.308,42.867
USOUSD,D1,2020-11-24 01:00:00+00:00,43.122,45.207,43.033,44.85
USOUSD,D1,2020-11-25 01:00:00+00:00,44.856,46.265,44.756,45.885
USOUSD,D1,2020-11-26 01:00:00+00:00,45.825,46.111,44.767,45.027
USOUSD,D1,2020-11-27 01:00:00+00:00,45.03,45.733,44.599,45.628
USOUSD,D1,2020-11-30 01:00:00+00:00,45.171,45.847,44.483,45.097
USOUSD,D1,2020-12-01 01:00:00+00:00,45.181,45.736,44.193,44.421
USOUSD,D1,2020-12-02 01:00:00+00:00,44.244,45.952,43.989,45.03
USOUSD,D1,2020-12-03 01:00:00+00:00,45.035,45.892,44.747,45.683
USOUSD,D1,2020-12-04 01:00:00+00:00,45.956,46.727,45.729,46.147
USOUSD,D1,2020-12-07 01:00:00+00:00,46.114,46.619,45.45,45.736
USOUSD,D1,2020-12-08 01:00:00+00:00,45.767,46.018,45.249,45.699
USOUSD,D1,2020-12-09 01:00:00+00:00,45.636,46.349,45.072,45.827
USOUSD,D1,2020-12-10 01:00:00+00:00,45.87,47.828,45.652,47.074
USOUSD,D1,2020-12-11 01:00:00+00:00,47.197,47.397,46.478,46.67
USOUSD,D1,2020-12-14 01:00:00+00:00,46.753,47.539,45.854,47.153
USOUSD,D1,2020-12-15 01:00:00+00:00,47.073,47.853,46.68,47.699
USOUSD,D1,2020-12-16 01:00:00+00:00,47.635,48.078,47.327,48.053
USOUSD,D1,2020-12-17 01:00:00+00:00,48.109,48.771,48.027,48.57
USOUSD,D1,2020-12-18 01:00:00+00:00,48.476,49.418,48.256,49.228
USOUSD,D1,2020-12-21 01:00:00+00:00,48.346,48.391,46.25,47.858
USOUSD,D1,2020-12-22 01:00:00+00:00,47.691,47.875,46.605,46.779
USOUSD,D1,2020-12-23 01:00:00+00:00,46.423,48.494,46.168,48.046
USOUSD,D1,2020-12-24 01:00:00+00:00,48.067,48.607,47.57,48.265
USOUSD,D1,2020-12-28 01:00:00+00:00,48.158,48.981,47.583,47.703
USOUSD,D1,2020-12-29 01:00:00+00:00,47.962,48.381,47.759,48.103
USOUSD,D1,2020-12-30 01:00:00+00:00,48.265,48.693,47.658,48.343
USOUSD,D1,2020-12-31 01:00:00+00:00,48.316,48.603,47.81,48.463
USOUSD,D1,2021-01-04 01:00:00+00:00,48.487,49.873,47.246,47.431
USOUSD,D1,2021-01-05 01:00:00+00:00,47.587,50.227,47.398,49.861
USOUSD,D1,2021-01-06 01:00:00+00:00,49.97,50.94,49.5,50.512
USOUSD,D1,2021-01-07 01:00:00+00:00,50.521,51.278,50.441,50.898
USOUSD,D1,2021-01-08 01:00:00+00:00,51.0,52.724,50.835,52.685
USOUSD,D1,2021-01-11 01:00:00+00:00,52.161,52.379,51.491,52.157
USOUSD,D1,2021-01-12 01:00:00+00:00,52.257,53.408,52.127,53.281
USOUSD,D1,2021-01-13 01:00:00+00:00,53.468,53.918,52.581,52.869
USOUSD,D1,2021-01-14 01:00:00+00:00,52.809,53.741,52.279,53.691
USOUSD,D1,2021-01-15 01:00:00+00:00,53.706,53.747,51.865,52.086
USOUSD,D1,2021-01-18 01:00:00+00:00,52.209,52.57,51.794,52.115
USOUSD,D1,2021-01-19 01:00:00+00:00,52.36,53.153,52.195,52.972
USOUSD,D1,2021-01-20 01:00:00+00:00,53.187,53.798,52.808,52.878
USOUSD,D1,2021-01-21 01:00:00+00:00,53.086,53.381,52.721,52.999
USOUSD,D1,2021-01-22 01:00:00+00:00,52.954,52.958,51.419,51.96
USOUSD,D1,2021-01-25 01:00:00+00:00,52.373,52.902,51.789,52.832
USOUSD,D1,2021-01-26 01:00:00+00:00,52.777,53.198,52.262,52.666
USOUSD,D1,2021-01-27 01:00:00+00:00,52.731,53.236,51.813,52.541
USOUSD,D1,2021-01-28 01:00:00+00:00,52.368,53.495,52.029,52.065
USOUSD,D1,2021-01-29 01:00:00+00:00,52.208,53.185,51.894,52.076
USOUSD,D1,2021-02-01 01:00:00+00:00,51.999,53.645,51.812,53.44
USOUSD,D1,2021-02-02 01:00:00+00:00,53.495,55.155,53.48,54.96
USOUSD,D1,2021-02-03 01:00:00+00:00,54.97,56.204,54.72,55.854
USOUSD,D1,2021-02-04 01:00:00+00:00,55.743,56.464,55.203,56.365
USOUSD,D1,2021-02-05 01:00:00+00:00,56.459,57.161,56.368,56.955
USOUSD,D1,2021-02-08 01:00:00+00:00,57.195,58.014,57.185,57.994
USOUSD,D1,2021-02-09 01:00:00+00:00,58.167,58.515,57.184,58.312
USOUSD,D1,2021-02-10 01:00:00+00:00,58.268,58.785,57.984,58.287
USOUSD,D1,2021-02-11 01:00:00+00:00,58.15,58.578,57.743,57.828
USOUSD,D1,2021-02-12 01:00:00+00:00,57.759,59.715,57.311,59.597
USOUSD,D1,2021-02-15 01:00:00+00:00,60.332,60.772,59.873,60.027
USOUSD,D1,2021-02-16 01:00:00+00:00,60.054,60.269,59.33,60.153
USOUSD,D1,2021-02-17 01:00:00+00:00,59.868,61.274,59.535,60.638
USOUSD,D1,2021-02-18 01:00:00+00:00,61.861,62.25,59.79,60.256
USOUSD,D1,2021-02-19 01:00:00+00:00,59.625,60.285,58.585,59.018
USOUSD,D1,2021-02-22 01:00:00+00:00,59.799,62.152,59.384,62.133
USOUSD,D1,2021-02-23 01:00:00+00:00,61.707,62.929,60.622,61.139
USOUSD,D1,2021-02-24 01:00:00+00:00,61.124,63.422,60.917,63.379
USOUSD,D1,2021-02-25 01:00:00+00:00,63.427,63.715,62.587,63.367
USOUSD,D1,2021-02-26 01:00:00+00:00,63.141,63.291,61.247,61.502
USOUSD,D1,2021-03-01 01:00:00+00:00,62.774,62.914,59.964,60.158
USOUSD,D1,2021-03-02 01:00:00+00:00,60.163,61.203,59.383,59.463
USOUSD,D1,2021-03-03 01:00:00+00:00,59.492,61.992,59.452,61.006
USOUSD,D1,2021-03-04 01:00:00+00:00,61.421,64.851,60.521,63.964
USOUSD,D1,2021-03-05 01:00:00+00:00,64.3,66.4,63.82,66.25
USOUSD,D1,2021-03-08 01:00:00+00:00,67.577,67.967,64.567,64.664
USOUSD,D1,2021-03-09 01:00:00+00:00,64.706,65.966,63.626,63.774
USOUSD,D1,2021-03-10 01:00:00+00:00,64.025,64.945,63.135,64.649
USOUSD,D1,2021-03-11 01:00:00+00:00,64.994,66.194,64.534,65.888
USOUSD,D1,2021-03-12 01:00:00+00:00,65.803,66.193,65.383,65.583
USOUSD,D1,2021-03-15 01:00:00+00:00,65.96,66.42,64.2,65.294
USOUSD,D1,2021-03-16 01:00:00+00:00,65.439,65.439,63.859,64.959
USOUSD,D1,2021-03-17 01:00:00+00:00,64.948,65.378,63.618,64.428
USOUSD,D1,2021-03-18 01:00:00+00:00,64.571,64.857,58.297,59.531
USOUSD,D1,2021-03-19 01:00:00+00:00,59.88,61.776,58.996,61.466
USOUSD,D1,2021-03-22 01:00:00+00:00,60.863,62.013,60.333,61.237
USOUSD,D1,2021-03-23 01:00:00+00:00,61.257,61.263,57.213,57.353
USOUSD,D1,2021-03-24 01:00:00+00:00,57.493,61.293,57.403,60.79
USOUSD,D1,2021-03-25 01:00:00+00:00,60.623,60.793,57.403,58.303
USOUSD,D1,2021-03-26 01:00:00+00:00,58.743,61.313,58.623,60.693
USOUSD,D1,2021-03-29 02:00:00+00:00,60.717,61.723,59.373,61.563
USOUSD,D1,2021-03-30 02:00:00+00:00,61.973,62.003,59.913,60.36
USOUSD,D1,2021-03-31 02:00:00+00:00,60.463,61.133,58.833,59.433
USOUSD,D1,2021-04-01 02:00:00+00:00,59.603,61.713,58.843,61.221
USOUSD,D1,2021-04-05 02:00:00+00:00,61.253,61.343,57.603,58.712
USOUSD,D1,2021-04-06 02:00:00+00:00,58.833,60.853,58.593,59.117
USOUSD,D1,2021-04-07 02:00:00+00:00,59.177,60.003,58.083,59.505
USOUSD,D1,2021-04-08 02:00:00+00:00,59.553,59.903,58.793,59.706
USOUSD,D1,2021-04-09 02:00:00+00:00,59.743,59.903,59.083,59.303
USOUSD,D1,2021-04-12 02:00:00+00:00,59.523,60.733,58.693,59.587
USOUSD,D1,2021-04-13 02:00:00+00:00,59.733,60.553,59.633,60.473
USOUSD,D1,2021-04-14 02:00:00+00:00,60.473,63.433,60.363,62.733
USOUSD,D1,2021-04-15 02:00:00+00:00,62.883,63.543,62.543,63.296
USOUSD,D1,2021-04-16 02:00:00+00:00,63.307,63.863,62.813,63.043
USOUSD,D1,2021-04-19 02:00:00+00:00,62.773,63.623,62.603,63.445
USOUSD,D1,2021-04-20 02:00:00+00:00,63.527,64.303,61.423,62.247
USOUSD,D1,2021-04-21 02:00:00+00:00,62.253,62.493,60.813,60.986
USOUSD,D1,2021-04-22 02:00:00+00:00,61.063,61.803,60.553,61.561
USOUSD,D1,2021-04-23 02:00:00+00:00,61.753,62.363,61.193,61.973
USOUSD,D1,2021-04-26 02:00:00+00:00,61.913,62.243,60.603,61.881
USOUSD,D1,2021-04-27 02:00:00+00:00,61.973,63.243,61.873,62.955
USOUSD,D1,2021-04-28 02:00:00+00:00,62.963,64.463,62.623,63.6
USOUSD,D1,2021-04-29 02:00:00+00:00,63.743,65.413,63.723,64.746
USOUSD,D1,2021-04-30 02:00:00+00:00,64.683,64.803,63.033,63.423
USOUSD,D1,2021-05-03 02:00:00+00:00,63.703,64.623,62.883,64.444
USOUSD,D1,2021-05-04 02:00:00+00:00,64.613,66.143,64.253,66.058
USOUSD,D1,2021-05-05 02:00:00+00:00,66.203,66.713,64.883,65.237
USOUSD,D1,2021-05-06 02:00:00+00:00,65.063,65.923,64.463,64.807
USOUSD,D1,2021-05-07 02:00:00+00:00,64.823,65.193,63.863,64.793
USOUSD,D1,2021-05-10 02:00:00+00:00,65.453,65.703,63.913,64.783
USOUSD,D1,2021-05-11 02:00:00+00:00,64.923,65.453,63.653,65.293
USOUSD,D1,2021-05-12 02:00:00+00:00,65.457,66.583,64.933,65.703
USOUSD,D1,2021-05-13 02:00:00+00:00,65.643,65.763,63.063,63.763
USOUSD,D1,2021-05-14 02:00:00+00:00,63.803,65.553,63.323,65.463
USOUSD,D1,2021-05-17 02:00:00+00:00,65.493,66.403,64.823,66.337
USOUSD,D1,2021-05-18 02:00:00+00:00,66.323,66.963,64.096,65.212
USOUSD,D1,2021-05-19 02:00:00+00:00,65.144,65.173,61.913,63.303
USOUSD,D1,2021-05-20 02:00:00+00:00,63.289,63.903,61.633,61.729
USOUSD,D1,2021-05-21 02:00:00+00:00,62.037,64.023,61.523,63.809
USOUSD,D1,2021-05-24 02:00:00+00:00,63.643,66.093,63.633,65.946
USOUSD,D1,2021-05-25 02:00:00+00:00,65.983,66.473,65.363,65.91
USOUSD,D1,2021-05-26 02:00:00+00:00,65.903,66.383,65.213,66.058
USOUSD,D1,2021-05-27 02:00:00+00:00,66.063,66.873,65.433,66.833
USOUSD,D1,2021-05-28 02:00:00+00:00,67.183,67.473,66.133,66.613
USOUSD,D1,2021-05-31 02:00:00+00:00,66.563,67.373,66.373,66.855
USOUSD,D1,2021-06-01 02:00:00+00:00,66.943,68.843,66.853,67.967
USOUSD,D1,2021-06-02 02:00:00+00:00,67.903,68.963,67.743,68.733
USOUSD,D1,2021-06-03 02:00:00+00:00,68.689,69.363,68.153,68.875
USOUSD,D1,2021-06-04 02:00:00+00:00,68.723,69.723,68.303,69.363
USOUSD,D1,2021-06-07 02:00:00+00:00,69.767,69.963,68.903,69.186
USOUSD,D1,2021-06-08 02:00:00+00:00,69.079,70.243,68.443,69.987
USOUSD,D1,2021-06-09 02:00:00+00:00,69.974,70.593,69.433,69.723
USOUSD,D1,2021-06-10 02:00:00+00:00,69.683,70.613,68.653,70.053
USOUSD,D1,2021-06-11 02:00:00+00:00,70.083,71.203,69.643,70.763
USOUSD,D1,2021-06-14 02:00:00+00:00,70.963,71.753,70.703,71.153
USOUSD,D1,2021-06-15 02:00:00+00:00,71.086,72.463,70.793,72.427
USOUSD,D1,2021-06-16 02:00:00+00:00,72.386,72.953,71.563,71.563
USOUSD,D1,2021-06-17 02:00:00+00:00,71.503,72.283,69.753,70.995
USOUSD,D1,2021-06-18 02:00:00+00:00,70.824,72.073,70.123,71.273
USOUSD,D1,2021-06-21 02:00:00+00:00,71.709,73.513,71.023,73.291
USOUSD,D1,2021-06-22 02:00:00+00:00,73.299,73.713,72.723,73.311
USOUSD,D1,2021-06-23 02:00:00+00:00,73.103,74.483,73.093,73.47
USOUSD,D1,2021-06-24 02:00:00+00:00,73.417,73.833,72.553,73.553
USOUSD,D1,2021-06-25 02:00:00+00:00,73.513,74.393,73.073,74.219
USOUSD,D1,2021-06-28 02:00:00+00:00,74.333,74.633,72.813,72.922
USOUSD,D1,2021-06-29 02:00:00+00:00,73.033,73.983,72.163,73.59
USOUSD,D1,2021-06-30 02:00:00+00:00,73.634,74.303,72.983,73.594
USOUSD,D1,2021-07-01 02:00:00+00:00,73.663,76.373,73.543,75.107
USOUSD,D1,2021-07-02 02:00:00+00:00,75.147,75.733,74.563,75.183
USOUSD,D1,2021-07-05 02:00:00+00:00,75.267,76.463,74.868,76.423
USOUSD,D1,2021-07-06 02:00:00+00:00,76.443,77.093,73.063,73.913
USOUSD,D1,2021-07-07 02:00:00+00:00,73.713,74.963,71.193,72.218
USOUSD,D1,2021-07-08 02:00:00+00:00,72.247,73.343,70.873,73.308
USOUSD,D1,2021-07-09 02:00:00+00:00,73.303,74.843,72.813,74.713
USOUSD,D1,2021-07-12 02:00:00+00:00,74.733,74.843,73.223,74.215
USOUSD,D1,2021-07-13 02:00:00+00:00,74.227,75.533,73.723,75.202
USOUSD,D1,2021-07-14 02:00:00+00:00,75.073,75.473,72.303,72.902
USOUSD,D1,2021-07-15 02:00:00+00:00,72.833,72.953,71.453,71.483
USOUSD,D1,2021-07-16 02:00:00+00:00,71.373,72.343,70.483,71.503
USOUSD,D1,2021-07-19 02:00:00+00:00,71.363,71.423,65.873,66.843
USOUSD,D1,2021-07-20 02:00:00+00:00,67.203,67.873,65.363,66.743
USOUSD,D1,2021-07-21 02:00:00+00:00,67.039,70.763,66.773,70.459
USOUSD,D1,2021-07-22 02:00:00+00:00,70.573,72.283,70.113,71.917
USOUSD,D1,2021-07-23 02:00:00+00:00,71.953,72.433,71.663,72.413
USOUSD,D1,2021-07-26 02:00:00+00:00,72.503,72.523,70.793,72.397
USOUSD,D1,2021-07-27 02:00:00+00:00,72.283,72.533,71.293,72.071
USOUSD,D1,2021-07-28 02:00:00+00:00,72.203,72.793,71.903,72.573
USOUSD,D1,2021-07-29 02:00:00+00:00,72.623,73.863,72.453,73.556
USOUSD,D1,2021-07-30 02:00:00+00:00,73.473,74.413,73.113,73.903
USOUSD,D1,2021-08-02 02:00:00+00:00,73.873,73.873,70.713,71.595
USOUSD,D1,2021-08-03 02:00:00+00:00,71.57,72.083,69.343,70.323
USOUSD,D1,2021-08-04 02:00:00+00:00,70.523,70.923,67.983,68.147
USOUSD,D1,2021-08-05 02:00:00+00:00,68.263,69.473,67.743,69.215
USOUSD,D1,2021-08-06 02:00:00+00:00,69.183,70.293,67.923,68.003
USOUSD,D1,2021-08-09 02:00:00+00:00,67.203,67.333,65.233,66.847
USOUSD,D1,2021-08-10 02:00:00+00:00,67.043,68.963,66.653,68.573
USOUSD,D1,2021-08-11 02:00:00+00:00,68.583,69.503,66.743,69.405
USOUSD,D1,2021-08-12 02:00:00+00:00,69.414,69.673,68.523,68.96
USOUSD,D1,2021-08-13 02:00:00+00:00,68.907,69.263,67.833,68.073
USOUSD,D1,2021-08-16 02:00:00+00:00,68.043,68.153,65.763,67.473
USOUSD,D1,2021-08-17 02:00:00+00:00,67.593,67.713,66.353,66.47
USOUSD,D1,2021-08-18 02:00:00+00:00,66.563,67.473,64.412,64.412
USOUSD,D1,2021-08-19 02:00:00+00:00,64.763,64.773,62.653,63.893
USOUSD,D1,2021-08-20 02:00:00+00:00,63.923,64.253,62.053,62.073
USOUSD,D1,2021-08-23 02:00:00+00:00,62.583,66.193,62.583,65.705
USOUSD,D1,2021-08-24 02:00:00+00:00,65.773,67.993,65.613,67.827
USOUSD,D1,2021-08-25 02:00:00+00:00,67.693,68.723,67.123,68.147
USOUSD,D1,2021-08-26 02:00:00+00:00,68.137,68.473,67.203,67.902
USOUSD,D1,2021-08-27 02:00:00+00:00,67.953,69.223,67.703,68.893
USOUSD,D1,2021-08-30 02:00:00+00:00,69.453,69.493,67.823,69.256
USOUSD,D1,2021-08-31 02:00:00+00:00,69.267,69.473,68.343,68.615
USOUSD,D1,2021-09-01 02:00:00+00:00,68.693,69.373,67.263,68.363
USOUSD,D1,2021-09-02 02:00:00+00:00,68.373,70.733,67.983,69.913
USOUSD,D1,2021-09-03 02:00:00+00:00,69.833,70.633,69.223,69.243
USOUSD,D1,2021-09-06 02:00:00+00:00,68.813,69.573,68.353,69.013
USOUSD,D1,2021-09-07 02:00:00+00:00,68.853,69.503,67.733,68.483
USOUSD,D1,2021-09-08 02:00:00+00:00,68.543,69.823,68.433,69.461
USOUSD,D1,2021-09-09 02:00:00+00:00,69.283,69.953,67.633,67.928
USOUSD,D1,2021-09-10 02:00:00+00:00,68.037,70.013,67.763,69.753
USOUSD,D1,2021-09-13 02:00:00+00:00,70.173,71.003,69.873,70.671
USOUSD,D1,2021-09-14 02:00:00+00:00,70.693,71.233,70.013,70.793
USOUSD,D1,2021-09-15 02:00:00+00:00,70.823,73.163,70.693,72.601
USOUSD,D1,2021-09-16 02:00:00+00:00,72.563,73.003,71.553,72.575
USOUSD,D1,2021-09-17 02:00:00+00:00,72.583,72.703,71.273,72.053
USOUSD,D1,2021-09-20 02:00:00+00:00,71.743,71.863,69.933,70.573
USOUSD,D1,2021-09-21 02:00:00+00:00,70.843,71.673,69.603,71.053
USOUSD,D1,2021-09-22 02:00:00+00:00,70.933,72.493,70.843,72.183
USOUSD,D1,2021-09-23 02:00:00+00:00,72.173,73.683,71.803,73.403
USOUSD,D1,2021-09-24 02:00:00+00:00,73.503,74.453,73.003,74.163
USOUSD,D1,2021-09-27 02:00:00+00:00,74.933,75.893,74.723,75.573
USOUSD,D1,2021-09-28 02:00:00+00:00,75.513,76.813,74.403,74.473
USOUSD,D1,2021-09-29 02:00:00+00:00,74.603,75.923,73.883,74.923
USOUSD,D1,2021-09-30 02:00:00+00:00,74.833,76.203,73.283,75.263
USOUSD,D1,2021-10-01 02:00:00+00:00,75.443,76.113,74.353,75.833
USOUSD,D1,2021-10-04 02:00:00+00:00,75.963,78.483,75.433,77.713
USOUSD,D1,2021-10-05 02:00:00+00:00,77.673,79.563,77.563,79.143
USOUSD,D1,2021-10-06 02:00:00+00:00,79.113,79.863,76.923,76.983
USOUSD,D1,2021-10-07 02:00:00+00:00,77.233,78.963,75.043,78.913
USOUSD,D1,2021-10-08 02:00:00+00:00,78.903,80.193,78.713,79.643
USOUSD,D1,2021-10-11 02:00:00+00:00,79.693,82.213,79.683,80.533
USOUSD,D1,2021-10-12 02:00:00+00:00,80.463,81.643,79.513,80.603
USOUSD,D1,2021-10-13 02:00:00+00:00,80.353,81.073,79.463,80.643
USOUSD,D1,2021-10-14 02:00:00+00:00,80.773,81.693,80.403,81.473
USOUSD,D1,2021-10-15 02:00:00+00:00,81.623,82.643,81.493,82.533
USOUSD,D1,2021-10-18 02:00:00+00:00,83.013,83.813,81.843,82.143
USOUSD,D1,2021-10-19 02:00:00+00:00,82.313,83.603,81.703,83.103
USOUSD,D1,2021-10-20 02:00:00+00:00,83.123,84.263,81.393,84.213
USOUSD,D1,2021-10-21 02:00:00+00:00,84.193,84.523,81.383,83.193
USOUSD,D1,2021-10-22 02:00:00+00:00,82.933,84.783,82.333,84.553
USOUSD,D1,2021-10-25 02:00:00+00:00,84.593,85.913,83.893,84.203
USOUSD,D1,2021-10-26 02:00:00+00:00,84.343,85.353,83.463,84.933
USOUSD,D1,2021-10-27 02:00:00+00:00,84.753,84.973,82.483,82.493
USOUSD,D1,2021-10-28 02:00:00+00:00,82.623,83.653,81.053,83.503
USOUSD,D1,2021-10-29 02:00:00+00:00,83.183,84.153,81.833,83.653
USOUSD,D1,2021-11-01 01:00:00+00:00,83.343,85.233,83.153,84.223
USOUSD,D1,2021-11-02 01:00:00+00:00,84.203,84.743,83.263,83.313
USOUSD,D1,2021-11-03 01:00:00+00:00,83.283,83.293,79.998,80.372
USOUSD,D1,2021-11-04 01:00:00+00:00,79.51,83.69,78.534,79.585
USOUSD,D1,2021-11-05 01:00:00+00:00,80.118,82.058,79.215,81.393
USOUSD,D1,2021-11-08 01:00:00+00:00,82.092,82.869,81.518,82.393
USOUSD,D1,2021-11-09 01:00:00+00:00,82.148,84.79,81.957,84.724
USOUSD,D1,2021-11-10 01:00:00+00:00,84.77,84.875,80.973,81.427
USOUSD,D1,2021-11-11 01:00:00+00:00,81.768,82.462,80.346,81.313
USOUSD,D1,2021-11-12 01:00:00+00:00,81.514,81.742,79.906,80.748
USOUSD,D1,2021-11-15 01:00:00+00:00,80.843,80.993,79.39,80.91
USOUSD,D1,2021-11-16 01:00:00+00:00,80.689,81.779,80.053,80.695
USOUSD,D1,2021-11-17 01:00:00+00:00,80.363,80.571,77.958,78.473
USOUSD,D1,2021-11-18 01:00:00+00:00,78.239,79.812,77.438,79.278
USOUSD,D1,2021-11-19 01:00:00+00:00,79.17,80.314,76.043,76.587
USOUSD,D1,2021-11-22 01:00:00+00:00,76.576,78.025,75.98,77.31
USOUSD,D1,2021-11-23 01:00:00+00:00,77.299,79.713,76.121,79.347
USOUSD,D1,2021-11-24 01:00:00+00:00,79.088,80.033,78.8,79.118
USOUSD,D1,2021-11-25 01:00:00+00:00,79.162,79.435,78.546,78.826
USOUSD,D1,2021-11-26 01:00:00+00:00,78.04,78.085,68.054,68.862
USOUSD,D1,2021-11-29 01:00:00+00:00,72.191,73.538,69.445,70.623
USOUSD,D1,2021-11-30 01:00:00+00:00,71.739,71.764,64.99,67.479
USOUSD,D1,2021-12-01 01:00:00+00:00,66.852,70.007,65.342,66.182
USOUSD,D1,2021-12-02 01:00:00+00:00,67.063,68.033,63.063,67.933
USOUSD,D1,2021-12-03 01:00:00+00:00,67.373,69.723,66.133,66.783
USOUSD,D1,2021-12-06 01:00:00+00:00,68.593,70.563,67.717,70.473
USOUSD,D1,2021-12-07 01:00:00+00:00,70.213,73.433,70.133,72.143
USOUSD,D1,2021-12-08 01:00:00+00:00,72.423,73.363,71.283,73.023
USOUSD,D1,2021-12-09 01:00:00+00:00,72.783,73.653,70.713,70.913
USOUSD,D1,2021-12-10 01:00:00+00:00,70.873,72.623,70.623,72.253
USOUSD,D1,2021-12-13 01:00:00+00:00,72.523,73.183,70.913,71.383
USOUSD,D1,2021-12-14 01:00:00+00:00,71.613,72.183,69.683,70.443
USOUSD,D1,2021-12-15 01:00:00+00:00,70.403,71.793,69.533,71.603
USOUSD,D1,2021-12-16 01:00:00+00:00,71.623,73.033,71.163,72.073
USOUSD,D1,2021-12-17 01:00:00+00:00,71.963,72.313,70.013,70.393
USOUSD,D1,2021-12-20 01:00:00+00:00,69.413,69.703,66.303,69.383
USOUSD,D1,2021-12-21 01:00:00+00:00,69.163,71.703,68.723,71.433
USOUSD,D1,2021-12-22 01:00:00+00:00,71.473,73.283,71.023,73.173
USOUSD,D1,2021-12-23 01:00:00+00:00,73.123,74.093,72.433,73.843
USOUSD,D1,2021-12-27 01:00:00+00:00,73.353,76.213,72.703,76.063
USOUSD,D1,2021-12-28 01:00:00+00:00,75.873,77.033,75.653,76.123
USOUSD,D1,2021-12-29 01:00:00+00:00,76.233,77.473,75.473,76.693
USOUSD,D1,2021-12-30 01:00:00+00:00,76.583,77.543,75.893,76.563
USOUSD,D1,2021-12-31 01:00:00+00:00,76.433,77.163,75.063,75.513
USOUSD,D1,2022-01-03 01:00:00+00:00,76.003,76.513,74.353,76.083
USOUSD,D1,2022-01-04 01:00:00+00:00,76.173,77.713,75.783,77.263
USOUSD,D1,2022-01-05 01:00:00+00:00,77.173,78.633,76.593,77.283
USOUSD,D1,2022-01-06 01:00:00+00:00,77.443,80.303,76.803,79.733
USOUSD,D1,2022-01-07 01:00:00+00:00,79.673,80.523,78.583,78.953
USOUSD,D1,2022-01-10 01:00:00+00:00,78.713,79.483,77.883,78.453
USOUSD,D1,2022-01-11 01:00:00+00:00,78.623,81.613,78.413,81.343
USOUSD,D1,2022-01-12 01:00:00+00:00,81.483,83.113,81.193,82.783
USOUSD,D1,2022-01-13 01:00:00+00:00,82.913,82.953,81.413,81.703
USOUSD,D1,2022-01-14 01:00:00+00:00,81.693,84.463,81.593,84.293
USOUSD,D1,2022-01-17 01:00:00+00:00,84.303,84.603,83.503,84.323
USOUSD,D1,2022-01-18 01:00:00+00:00,84.223,86.523,84.203,86.433
USOUSD,D1,2022-01-19 01:00:00+00:00,86.673,87.323,85.533,85.553
USOUSD,D1,2022-01-20 01:00:00+00:00,85.763,87.613,84.733,85.033
USOUSD,D1,2022-01-21 01:00:00+00:00,84.333,86.073,83.303,85.343
USOUSD,D1,2022-01-24 01:00:00+00:00,86.323,86.553,82.383,84.553
USOUSD,D1,2022-01-25 01:00:00+00:00,84.003,86.153,83.433,85.583
USOUSD,D1,2022-01-26 01:00:00+00:00,85.603,88.373,85.443,87.623
USOUSD,D1,2022-01-27 01:00:00+00:00,87.563,88.953,86.623,87.713
USOUSD,D1,2022-01-28 01:00:00+00:00,87.573,89.223,86.843,87.703
USOUSD,D1,2022-01-31 01:00:00+00:00,88.283,88.733,86.703,88.473
USOUSD,D1,2022-02-01 01:00:00+00:00,88.843,89.193,86.903,88.663
USOUSD,D1,2022-02-02 01:00:00+00:00,88.843,90.033,87.433,88.313
USOUSD,D1,2022-02-03 01:00:00+00:00,87.973,90.743,87.053,90.463
USOUSD,D1,2022-02-04 01:00:00+00:00,90.813,93.443,90.743,92.223
USOUSD,D1,2022-02-07 01:00:00+00:00,91.953,92.943,90.963,91.863
USOUSD,D1,2022-02-08 01:00:00+00:00,91.573,91.843,88.743,89.953
USOUSD,D1,2022-02-09 01:00:00+00:00,89.793,90.763,88.613,90.193
USOUSD,D1,2022-02-10 01:00:00+00:00,90.143,91.913,89.203,90.193
USOUSD,D1,2022-02-11 01:00:00+00:00,89.933,94.433,89.353,94.073
USOUSD,D1,2022-02-14 01:00:00+00:00,94.833,95.913,92.213,94.943
USOUSD,D1,2022-02-15 01:00:00+00:00,94.923,95.263,90.773,92.183
USOUSD,D1,2022-02-16 01:00:00+00:00,92.383,95.073,90.073,90.733
USOUSD,D1,2022-02-17 01:00:00+00:00,91.213,93.415,90.895,91.705
USOUSD,D1,2022-02-18 01:00:00+00:00,91.395,92.745,89.145,92.355
USOUSD,D1,2022-02-21 01:00:00+00:00,92.345,94.535,90.705,94.395
USOUSD,D1,2022-02-22 01:00:00+00:00,94.615,96.545,92.665,93.235
USOUSD,D1,2022-02-23 01:00:00+00:00,93.335,95.435,92.215,93.835
USOUSD,D1,2022-02-24 01:00:00+00:00,94.705,102.015,92.955,94.475
USOUSD,D1,2022-02-25 01:00:00+00:00,96.395,97.065,91.525,93.355
USOUSD,D1,2022-02-28 01:00:00+00:00,97.065,98.785,95.705,97.095
USOUSD,D1,2022-03-01 01:00:00+00:00,97.415,107.975,97.275,107.475
USOUSD,D1,2022-03-02 01:00:00+00:00,107.095,113.595,106.345,112.475
USOUSD,D1,2022-03-03 01:00:00+00:00,113.265,117.605,107.585,109.175
USOUSD,D1,2022-03-04 01:00:00+00:00,112.515,117.035,108.285,116.035
USOUSD,D1,2022-03-07 01:00:00+00:00,124.915,127.535,116.415,121.245
USOUSD,D1,2022-03-08 01:00:00+00:00,121.165,130.235,117.935,125.405
USOUSD,D1,2022-03-09 01:00:00+00:00,126.315,127.555,104.345,110.155
USOUSD,D1,2022-03-10 01:00:00+00:00,110.525,115.535,106.205,106.495
USOUSD,D1,2022-03-11 01:00:00+00:00,107.745,110.885,105.105,109.805
USOUSD,D1,2022-03-14 01:00:00+00:00,107.395,107.495,100.245,102.435
USOUSD,D1,2022-03-15 01:00:00+00:00,101.755,101.955,93.915,95.475
USOUSD,D1,2022-03-16 01:00:00+00:00,96.005,99.515,94.395,95.575
USOUSD,D1,2022-03-17 01:00:00+00:00,95.805,104.495,95.305,103.895
USOUSD,D1,2022-03-18 01:00:00+00:00,103.465,106.415,102.725,105.135
USOUSD,D1,2022-03-21 01:00:00+00:00,106.905,112.635,106.575,112.505
USOUSD,D1,2022-03-22 01:00:00+00:00,113.175,114.885,108.635,110.245
USOUSD,D1,2022-03-23 01:00:00+00:00,110.055,116.885,109.865,115.895
USOUSD,D1,2022-03-24 01:00:00+00:00,116.045,118.065,112.045,112.745
USOUSD,D1,2022-03-25 01:00:00+00:00,113.375,115.475,110.035,113.945
USOUSD,D1,2022-03-28 02:00:00+00:00,111.845,112.265,104.075,104.545
USOUSD,D1,2022-03-29 02:00:00+00:00,105.315,108.975,99.685,106.295
USOUSD,D1,2022-03-30 02:00:00+00:00,107.365,109.855,105.665,108.595
USOUSD,D1,2022-03-31 02:00:00+00:00,108.765,108.775,100.725,102.255
USOUSD,D1,2022-04-01 02:00:00+00:00,101.765,102.465,98.785,100.355
USOUSD,D1,2022-04-04 02:00:00+00:00,99.185,104.775,99.105,104.495
USOUSD,D1,2022-04-05 02:00:00+00:00,105.335,106.385,100.675,102.045
USOUSD,D1,2022-04-06 02:00:00+00:00,101.545,104.735,96.475,97.725
USOUSD,D1,2022-04-07 02:00:00+00:00,97.585,99.485,94.515,97.815
USOUSD,D1,2022-04-08 02:00:00+00:00,97.705,99.375,95.925,98.455
USOUSD,D1,2022-04-11 02:00:00+00:00,97.085,97.565,93.405,95.625
USOUSD,D1,2022-04-12 02:00:00+00:00,95.565,101.735,95.255,101.395
USOUSD,D1,2022-04-13 02:00:00+00:00,101.715,104.815,100.245,104.535
USOUSD,D1,2022-04-14 02:00:00+00:00,104.145,107.935,102.445,106.785
USOUSD,D1,2022-04-18 02:00:00+00:00,108.025,109.885,106.095,107.595
USOUSD,D1,2022-04-19 02:00:00+00:00,107.775,108.925,102.105,102.945
USOUSD,D1,2022-04-20 02:00:00+00:00,103.865,104.485,100.415,102.965
USOUSD,D1,2022-04-21 02:00:00+00:00,102.975,105.925,102.525,104.525
USOUSD,D1,2022-04-22 02:00:00+00:00,104.335,104.685,101.565,102.195
USOUSD,D1,2022-04-25 02:00:00+00:00,100.865,101.285,95.725,99.075
USOUSD,D1,2022-04-26 02:00:00+00:00,99.145,103.185,97.485,102.125
USOUSD,D1,2022-04-27 02:00:00+00:00,102.655,103.385,100.205,102.465
USOUSD,D1,2022-04-28 02:00:00+00:00,102.395,106.055,100.525,105.495
USOUSD,D1,2022-04-29 02:00:00+00:00,105.545,108.335,104.135,104.585
USOUSD,D1,2022-05-02 02:00:00+00:00,105.025,106.205,100.585,105.405
USOUSD,D1,2022-05-03 02:00:00+00:00,105.645,106.085,102.405,103.755
USOUSD,D1,2022-05-04 02:00:00+00:00,103.705,108.865,103.235,107.805
USOUSD,D1,2022-05-05 02:00:00+00:00,108.325,111.595,106.705,108.875
USOUSD,D1,2022-05-06 02:00:00+00:00,109.045,111.405,107.475,110.795
USOUSD,D1,2022-05-09 02:00:00+00:00,109.385,110.595,102.315,102.545
USOUSD,D1,2022-05-10 02:00:00+00:00,102.805,104.295,99.015,99.545
USOUSD,D1,2022-05-11 02:00:00+00:00,99.095,106.565,98.775,105.725
USOUSD,D1,2022-05-12 02:00:00+00:00,106.205,107.495,102.805,106.785
USOUSD,D1,2022-05-13 02:00:00+00:00,107.225,110.745,106.405,110.215
USOUSD,D1,2022-05-16 02:00:00+00:00,111.435,114.945,108.165,113.845
USOUSD,D1,2022-05-17 02:00:00+00:00,114.185,115.575,111.785,113.555
USOUSD,D1,2022-05-18 02:00:00+00:00,113.615,115.225,108.905,109.685
USOUSD,D1,2022-05-19 02:00:00+00:00,108.595,112.965,106.065,112.065
USOUSD,D1,2022-05-20 02:00:00+00:00,112.135,113.845,110.945,113.095
USOUSD,D1,2022-05-23 02:00:00+00:00,112.745,114.485,111.695,113.145
USOUSD,D1,2022-05-24 02:00:00+00:00,112.145,113.875,111.055,112.715
USOUSD,D1,2022-05-25 02:00:00+00:00,112.865,114.035,111.595,113.085
USOUSD,D1,2022-05-26 02:00:00+00:00,113.145,117.095,112.545,116.545
USOUSD,D1,2022-05-27 02:00:00+00:00,116.265,117.485,115.085,117.205
USOUSD,D1,2022-05-30 02:00:00+00:00,117.425,119.235,117.315,119.075
USOUSD,D1,2022-05-31 02:00:00+00:00,119.505,121.805,115.975,117.055
USOUSD,D1,2022-06-01 02:00:00+00:00,116.905,119.605,116.335,116.565
USOUSD,D1,2022-06-02 02:00:00+00:00,114.985,119.405,112.885,119.205
USOUSD,D1,2022-06-03 02:00:00+00:00,118.925,122.015,116.805,121.915
USOUSD,D1,2022-06-06 02:00:00+00:00,121.475,121.785,118.945,120.675
USOUSD,D1,2022-06-07 02:00:00+00:00,120.125,121.565,118.365,120.965
USOUSD,D1,2022-06-08 02:00:00+00:00,120.625,124.285,120.545,123.545
USOUSD,D1,2022-06-09 02:00:00+00:00,123.145,123.755,121.825,122.445
USOUSD,D1,2022-06-10 02:00:00+00:00,122.255,123.695,119.275,121.325
USOUSD,D1,2022-06-13 02:00:00+00:00,119.445,122.935,118.165,121.665
USOUSD,D1,2022-06-14 02:00:00+00:00,121.215,124.275,117.255,119.635
USOUSD,D1,2022-06-15 02:00:00+00:00,119.175,120.105,115.115,116.305
USOUSD,D1,2022-06-16 02:00:00+00:00,116.825,118.495,112.745,117.457
USOUSD,D1,2022-06-17 02:00:00+00:00,117.165,119.315,109.165,111.467
USOUSD,D1,2022-06-20 02:00:00+00:00,111.35,111.655,109.305,111.257
USOUSD,D1,2022-06-21 02:00:00+00:00,111.367,113.55,111.257,112.035
USOUSD,D1,2022-06-22 02:00:00+00:00,111.42,111.425,103.845,106.617
USOUSD,D1,2022-06-23 02:00:00+00:00,106.337,109.265,104.555,106.225
USOUSD,D1,2022-06-24 02:00:00+00:00,106.617,110.72,105.78,109.215
USOUSD,D1,2022-06-27 02:00:00+00:00,108.485,112.415,107.497,111.725
USOUSD,D1,2022-06-28 02:00:00+00:00,112.27,114.015,111.44,113.597
USOUSD,D1,2022-06-29 02:00:00+00:00,113.735,115.745,110.94,111.317
USOUSD,D1,2022-06-30 02:00:00+00:00,111.305,112.1,106.75,107.607
USOUSD,D1,2022-07-01 02:00:00+00:00,107.795,110.897,106.125,109.935
USOUSD,D1,2022-07-04 02:00:00+00:00,109.505,112.085,108.565,111.767
USOUSD,D1,2022-07-05 02:00:00+00:00,111.495,112.665,98.665,100.765
USOUSD,D1,2022-07-06 02:00:00+00:00,102.717,103.29,96.277,99.277
USOUSD,D1,2022-07-07 02:00:00+00:00,99.295,105.535,97.635,103.19
USOUSD,D1,2022-07-08 02:00:00+00:00,103.705,106.22,102.505,105.81
USOUSD,D1,2022-07-11 02:00:00+00:00,105.115,105.77,101.64,104.185
USOUSD,D1,2022-07-12 02:00:00+00:00,103.897,104.02,96.005,96.22
USOUSD,D1,2022-07-13 02:00:00+00:00,95.167,98.53,95.045,97.015
USOUSD,D1,2022-07-14 02:00:00+00:00,96.335,97.48,91.045,96.925
USOUSD,D1,2022-07-15 02:00:00+00:00,97.15,99.42,94.975,97.957
USOUSD,D1,2022-07-18 02:00:00+00:00,97.287,102.95,96.01,102.24
USOUSD,D1,2022-07-19 02:00:00+00:00,102.245,104.215,99.765,103.667
USOUSD,D1,2022-07-20 02:00:00+00:00,103.43,103.87,101.32,102.987
USOUSD,D1,2022-07-21 02:00:00+00:00,102.53,102.785,97.665,99.61
USOUSD,D1,2022-07-22 02:00:00+00:00,99.25,100.914,97.2,98.087
USOUSD,D1,2022-07-25 02:00:00+00:00,97.565,99.6,95.695,99.125
USOUSD,D1,2022-07-26 02:00:00+00:00,98.815,101.575,97.39,98.047
USOUSD,D1,2022-07-27 02:00:00+00:00,98.05,101.055,96.8,100.595
USOUSD,D1,2022-07-28 02:00:00+00:00,100.4,102.215,98.427,99.715
USOUSD,D1,2022-07-29 02:00:00+00:00,99.705,104.175,98.7,100.445
USOUSD,D1,2022-08-01 02:00:00+00:00,99.877,100.425,94.435,96.06
USOUSD,D1,2022-08-02 02:00:00+00:00,95.625,98.33,94.51,95.707
USOUSD,D1,2022-08-03 02:00:00+00:00,95.685,98.38,92.217,92.76
USOUSD,D1,2022-08-04 02:00:00+00:00,92.745,93.605,89.295,89.497
USOUSD,D1,2022-08-05 02:00:00+00:00,89.74,92.37,88.635,90.075
USOUSD,D1,2022-08-08 02:00:00+00:00,89.435,92.22,88.59,91.835
USOUSD,D1,2022-08-09 02:00:00+00:00,91.625,93.855,90.295,91.737
USOUSD,D1,2022-08-10 02:00:00+00:00,91.657,93.56,88.805,92.695
USOUSD,D1,2022-08-11 02:00:00+00:00,92.57,96.095,92.295,95.035
USOUSD,D1,2022-08-12 02:00:00+00:00,95.015,95.75,92.125,92.835
USOUSD,D1,2022-08-15 02:00:00+00:00,92.285,92.66,87.495,88.555
USOUSD,D1,2022-08-16 02:00:00+00:00,88.865,91.195,86.3,87.757
USOUSD,D1,2022-08-17 02:00:00+00:00,87.437,89.615,86.35,87.74
USOUSD,D1,2022-08-18 02:00:00+00:00,88.097,91.82,87.86,90.797
USOUSD,D1,2022-08-19 02:00:00+00:00,91.045,92.38,88.64,90.327
USOUSD,D1,2022-08-22 02:00:00+00:00,89.835,91.435,86.7,90.995
USOUSD,D1,2022-08-23 02:00:00+00:00,91.15,94.595,90.925,94.167
USOUSD,D1,2022-08-24 02:00:00+00:00,93.995,95.75,93.175,95.735
USOUSD,D1,2022-08-25 02:00:00+00:00,95.705,96.095,92.655,93.385
USOUSD,D1,2022-08-26 02:00:00+00:00,93.305,94.365,91.43,93.357
USOUSD,D1,2022-08-29 02:00:00+00:00,93.25,97.67,93.125,97.25
USOUSD,D1,2022-08-30 02:00:00+00:00,97.005,97.935,90.835,92.507
USOUSD,D1,2022-08-31 02:00:00+00:00,92.305,93.005,88.555,89.115
USOUSD,D1,2022-09-01 02:00:00+00:00,89.485,89.905,86.26,86.625
USOUSD,D1,2022-09-02 02:00:00+00:00,87.435,89.885,86.87,87.337
USOUSD,D1,2022-09-05 02:00:00+00:00,88.47,90.59,88.185,89.047
USOUSD,D1,2022-09-06 02:00:00+00:00,89.09,89.65,86.375,87.125
USOUSD,D1,2022-09-07 02:00:00+00:00,87.02,87.915,81.697,81.83
USOUSD,D1,2022-09-08 02:00:00+00:00,82.25,84.395,81.355,82.885
USOUSD,D1,2022-09-09 02:00:00+00:00,83.107,87.335,83.005,86.24
USOUSD,D1,2022-09-12 02:00:00+00:00,86.35,89.175,85.265,88.155
USOUSD,D1,2022-09-13 02:00:00+00:00,88.055,89.38,85.16,87.697
USOUSD,D1,2022-09-14 02:00:00+00:00,87.585,90.25,86.265,89.047
USOUSD,D1,2022-09-15 02:00:00+00:00,89.02,89.145,84.6,85.167
USOUSD,D1,2022-09-16 02:00:00+00:00,84.785,86.645,84.335,85.477
USOUSD,D1,2022-09-19 02:00:00+00:00,85.77,86.3,82.18,85.455
USOUSD,D1,2022-09-20 02:00:00+00:00,85.875,86.535,83.435,84.69
USOUSD,D1,2022-09-21 02:00:00+00:00,84.525,87.07,82.915,83.445
USOUSD,D1,2022-09-22 02:00:00+00:00,83.43,86.36,82.805,83.885
USOUSD,D1,2022-09-23 02:00:00+00:00,83.925,84.295,78.5,79.657
USOUSD,D1,2022-09-26 02:00:00+00:00,79.835,80.63,76.585,76.617
USOUSD,D1,2022-09-27 02:00:00+00:00,77.06,79.805,76.93,78.277
USOUSD,D1,2022-09-28 02:00:00+00:00,78.78,82.63,76.87,82.195
USOUSD,D1,2022-09-29 02:00:00+00:00,81.945,83.225,80.625,81.895
USOUSD,D1,2022-09-30 02:00:00+00:00,82.005,82.82,79.43,79.965
USOUSD,D1,2022-10-03 02:00:00+00:00,82.29,84.78,81.57,83.56
USOUSD,D1,2022-10-04 02:00:00+00:00,83.675,87.18,83.6,86.595
USOUSD,D1,2022-10-05 02:00:00+00:00,86.755,88.625,85.63,88.245
USOUSD,D1,2022-10-06 02:00:00+00:00,88.25,89.23,87.23,89.13
USOUSD,D1,2022-10-07 02:00:00+00:00,88.925,93.487,88.18,93.457
USOUSD,D1,2022-10-10 02:00:00+00:00,92.795,93.76,90.675,90.955
USOUSD,D1,2022-10-11 02:00:00+00:00,90.96,91.455,88.04,88.707
USOUSD,D1,2022-10-12 02:00:00+00:00,88.815,90.16,86.38,87.185
USOUSD,D1,2022-10-13 02:00:00+00:00,87.315,89.74,85.66,89.305
USOUSD,D1,2022-10-14 02:00:00+00:00,89.025,89.795,85.29,85.645
USOUSD,D1,2022-10-17 02:00:00+00:00,86.32,87.14,84.655,85.665
USOUSD,D1,2022-10-18 02:00:00+00:00,85.865,86.46,82.27,83.775
USOUSD,D1,2022-10-19 02:00:00+00:00,84.015,85.93,82.65,85.675
USOUSD,D1,2022-10-20 02:00:00+00:00,85.585,88.04,85.075,85.93
USOUSD,D1,2022-10-21 02:00:00+00:00,85.405,86.765,84.03,86.01
USOUSD,D1,2022-10-24 02:00:00+00:00,86.085,86.67,83.46,85.68
USOUSD,D1,2022-10-25 02:00:00+00:00,85.6,86.785,83.83,85.705
USOUSD,D1,2022-10-26 02:00:00+00:00,85.605,89.13,84.915,89.01
USOUSD,D1,2022-10-27 02:00:00+00:00,88.75,90.49,88.04,89.295
USOUSD,D1,2022-10-28 02:00:00+00:00,89.135,89.415,87.77,89.05
USOUSD,D1,2022-10-31 01:00:00+00:00,88.99,89.125,85.89,86.795
USOUSD,D1,2022-11-01 01:00:00+00:00,86.68,89.995,86.485,89.135
USOUSD,D1,2022-11-02 01:00:00+00:00,89.25,90.875,88.3,89.875
USOUSD,D1,2022-11-03 01:00:00+00:00,89.445,90.17,88.12,88.46
USOUSD,D1,2022-11-04 01:00:00+00:00,88.5,93.32,88.31,93.045
USOUSD,D1,2022-11-07 01:00:00+00:00,91.545,94.13,91.34,92.265
USOUSD,D1,2022-11-08 01:00:00+00:00,92.505,92.515,88.895,89.035
USOUSD,D1,2022-11-09 01:00:00+00:00,89.145,89.435,85.84,85.985
USOUSD,D1,2022-11-10 01:00:00+00:00,85.98,87.625,85.03,86.515
USOUSD,D1,2022-11-11 01:00:00+00:00,86.915,90.37,86.775,89.135
USOUSD,D1,2022-11-14 01:00:00+00:00,89.69,90.025,85.34,85.4
USOUSD,D1,2022-11-15 01:00:00+00:00,85.465,88.82,84.23,86.96
USOUSD,D1,2022-11-16 01:00:00+00:00,87.215,87.63,84.33,85.44
USOUSD,D1,2022-11-17 01:00:00+00:00,85.355,85.53,81.86,82.505
USOUSD,D1,2022-11-18 01:00:00+00:00,82.535,83.065,78.23,80.875
USOUSD,D1,2022-11-21 01:00:00+00:00,80.315,81.025,75.835,80.81
USOUSD,D1,2022-11-22 01:00:00+00:00,80.58,82.88,80.375,81.645
USOUSD,D1,2022-11-23 01:00:00+00:00,81.885,82.46,77.335,77.955
USOUSD,D1,2022-11-24 01:00:00+00:00,78.19,78.685,77.39,78.445
USOUSD,D1,2022-11-25 01:00:00+00:00,78.78,80.36,76.695,76.775
USOUSD,D1,2022-11-28 01:00:00+00:00,76.125,78.24,74.01,76.935
USOUSD,D1,2022-11-29 01:00:00+00:00,77.135,79.975,77.115,79.295
USOUSD,D1,2022-11-30 01:00:00+00:00,79.225,81.75,78.78,80.87
USOUSD,D1,2022-12-01 01:00:00+00:00,80.685,83.69,80.29,81.76
USOUSD,D1,2022-12-02 01:00:00+00:00,81.46,82.54,80.005,80.615
USOUSD,D1,2022-12-05 01:00:00+00:00,81.94,82.98,77.05,77.64
USOUSD,D1,2022-12-06 01:00:00+00:00,77.885,78.13,73.67,74.715
USOUSD,D1,2022-12-07 01:00:00+00:00,74.795,75.61,71.99,72.64
USOUSD,D1,2022-12-08 01:00:00+00:00,72.725,75.625,71.335,72.005
USOUSD,D1,2022-12-09 01:00:00+00:00,72.385,73.105,70.3,71.685
USOUSD,D1,2022-12-12 01:00:00+00:00,71.8,74.12,70.385,73.445
USOUSD,D1,2022-12-13 01:00:00+00:00,73.555,76.485,73.335,75.335
USOUSD,D1,2022-12-14 01:00:00+00:00,75.225,77.85,75.01,77.525
USOUSD,D1,2022-12-15 01:00:00+00:00,77.31,77.85,75.435,76.435
USOUSD,D1,2022-12-16 01:00:00+00:00,76.175,76.625,73.465,74.655
USOUSD,D1,2022-12-19 01:00:00+00:00,75.045,76.6,74.02,75.835
USOUSD,D1,2022-12-20 01:00:00+00:00,75.85,76.895,74.43,75.965
USOUSD,D1,2022-12-21 01:00:00+00:00,76.215,78.57,75.77,78.385
USOUSD,D1,2022-12-22 01:00:00+00:00,78.64,79.84,77.0,78.2
USOUSD,D1,2022-12-23 01:00:00+00:00,78.185,80.285,77.955,79.305
USOUSD,D1,2022-12-27 01:00:00+00:00,80.25,81.14,79.125,79.82
USOUSD,D1,2022-12-28 01:00:00+00:00,79.74,79.845,77.29,78.835
USOUSD,D1,2022-12-29 01:00:00+00:00,78.53,78.8,76.78,78.685
USOUSD,D1,2022-12-30 01:00:00+00:00,78.725,80.55,77.71,80.435
USOUSD,D1,2023-01-03 01:00:00+00:00,79.995,81.46,76.59,77.195
USOUSD,D1,2023-01-04 01:00:00+00:00,77.275,77.295,72.72,73.19
USOUSD,D1,2023-01-05 01:00:00+00:00,73.45,74.89,72.44,73.91
USOUSD,D1,2023-01-06 01:00:00+00:00,74.105,75.44,73.22,73.655
USOUSD,D1,2023-01-09 01:00:00+00:00,74.385,76.705,74.115,74.845
USOUSD,D1,2023-01-10 01:00:00+00:00,74.515,75.895,73.82,74.695
USOUSD,D1,2023-01-11 01:00:00+00:00,74.715,77.785,74.28,77.695
USOUSD,D1,2023-01-12 01:00:00+00:00,77.51,79.125,77.08,78.235
USOUSD,D1,2023-01-13 01:00:00+00:00,78.355,80.09,77.965,80.055
USOUSD,D1,2023-01-16 01:00:00+00:00,79.695,79.755,78.525,78.855
USOUSD,D1,2023-01-17 01:00:00+00:00,78.77,81.215,78.67,81.025
USOUSD,D1,2023-01-18 01:00:00+00:00,80.665,82.38,78.965,79.135
USOUSD,D1,2023-01-19 01:00:00+00:00,78.905,81.205,78.19,80.56
USOUSD,D1,2023-01-20 01:00:00+00:00,80.82,81.62,79.635,81.445
USOUSD,D1,2023-01-23 01:00:00+00:00,81.135,82.365,80.8,81.37
USOUSD,D1,2023-01-24 01:00:00+00:00,81.34,81.975,79.42,80.01
USOUSD,D1,2023-01-25 01:00:00+00:00,80.02,80.985,79.21,80.21
USOUSD,D1,2023-01-26 01:00:00+00:00,80.345,81.905,79.705,80.885
USOUSD,D1,2023-01-27 01:00:00+00:00,80.98,82.26,78.83,79.195
USOUSD,D1,2023-01-30 01:00:00+00:00,80.15,80.155,77.475,77.62
USOUSD,D1,2023-01-31 01:00:00+00:00,77.95,79.06,76.38,78.85
USOUSD,D1,2023-02-01 01:00:00+00:00,78.905,79.55,75.885,76.52
USOUSD,D1,2023-02-02 01:00:00+00:00,76.785,77.075,74.81,75.815
USOUSD,D1,2023-02-03 01:00:00+00:00,75.92,77.83,72.95,73.03
USOUSD,D1,2023-02-06 01:00:00+00:00,73.41,74.38,72.12,74.31
USOUSD,D1,2023-02-07 01:00:00+00:00,74.255,77.465,74.245,77.465
USOUSD,D1,2023-02-08 01:00:00+00:00,77.37,78.44,76.985,78.355
USOUSD,D1,2023-02-09 01:00:00+00:00,78.235,78.72,76.42,77.54
USOUSD,D1,2023-02-10 01:00:00+00:00,77.56,80.22,77.365,79.645
USOUSD,D1,2023-02-13 01:00:00+00:00,79.19,80.52,78.36,79.07
USOUSD,D1,2023-02-14 01:00:00+00:00,79.16,79.54,77.405,78.765
USOUSD,D1,2023-02-15 01:00:00+00:00,78.565,79.08,77.19,78.45
USOUSD,D1,2023-02-16 01:00:00+00:00,78.43,79.48,77.87,77.985
USOUSD,D1,2023-02-17 01:00:00+00:00,78.05,78.21,75.04,76.225
USOUSD,D1,2023-02-20 01:00:00+00:00,76.165,77.475,76.055,77.12
USOUSD,D1,2023-02-21 01:00:00+00:00,77.07,77.37,75.655,75.93
USOUSD,D1,2023-02-22 01:00:00+00:00,75.865,76.3,73.565,73.625
USOUSD,D1,2023-02-23 01:00:00+00:00,73.685,75.745,73.655,75.41
USOUSD,D1,2023-02-24 01:00:00+00:00,75.595,76.39,73.87,76.25
USOUSD,D1,2023-02-27 01:00:00+00:00,76.38,76.59,74.795,75.53
USOUSD,D1,2023-02-28 01:00:00+00:00,75.435,77.63,75.355,76.635
USOUSD,D1,2023-03-01 01:00:00+00:00,76.435,77.64,75.95,77.54
USOUSD,D1,2023-03-02 01:00:00+00:00,77.35,78.415,77.05,77.71
USOUSD,D1,2023-03-03 01:00:00+00:00,77.89,79.725,75.69,79.695
USOUSD,D1,2023-03-06 01:00:00+00:00,79.175,80.48,78.18,80.345
USOUSD,D1,2023-03-07 01:00:00+00:00,80.365,80.8,76.93,77.07
USOUSD,D1,2023-03-08 01:00:00+00:00,77.235,77.6,75.99,76.35
USOUSD,D1,2023-03-09 01:00:00+00:00,76.525,77.93,75.32,75.49
USOUSD,D1,2023-03-10 01:00:00+00:00,75.475,77.01,74.675,76.535
USOUSD,D1,2023-03-13 01:00:00+00:00,76.97,77.15,72.225,74.61
USOUSD,D1,2023-03-14 01:00:00+00:00,74.49,74.82,70.71,71.41
USOUSD,D1,2023-03-15 01:00:00+00:00,71.675,72.485,65.635,68.185
USOUSD,D1,2023-03-16 01:00:00+00:00,68.215,69.3,65.665,68.19
USOUSD,D1,2023-03-17 01:00:00+00:00,68.28,69.61,65.23,66.295
USOUSD,D1,2023-03-20 01:00:00+00:00,67.095,67.685,64.17,67.575
USOUSD,D1,2023-03-21 01:00:00+00:00,67.475,69.565,66.73,69.41
USOUSD,D1,2023-03-22 01:00:00+00:00,69.265,71.125,68.72,69.735
USOUSD,D1,2023-03-23 01:00:00+00:00,69.9,71.49,68.985,69.295
USOUSD,D1,2023-03-24 01:00:00+00:00,69.375,70.21,66.665,69.075
USOUSD,D1,2023-03-27 02:00:00+00:00,69.48,72.93,68.975,72.72
USOUSD,D1,2023-03-28 02:00:00+00:00,72.79,73.78,72.06,73.445
USOUSD,D1,2023-03-29 02:00:00+00:00,73.66,74.22,72.635,72.675
USOUSD,D1,2023-03-30 02:00:00+00:00,72.785,74.46,72.485,74.225
USOUSD,D1,2023-03-31 02:00:00+00:00,74.25,75.59,73.66,75.565
USOUSD,D1,2023-04-03 02:00:00+00:00,80.37,80.83,78.89,80.315
USOUSD,D1,2023-04-04 02:00:00+00:00,80.36,81.67,79.51,80.895
USOUSD,D1,2023-04-05 02:00:00+00:00,80.845,81.13,79.625,80.235
USOUSD,D1,2023-04-06 02:00:00+00:00,80.405,80.86,79.555,80.365
USOUSD,D1,2023-04-10 02:00:00+00:00,80.75,81.04,79.535,79.84
USOUSD,D1,2023-04-11 02:00:00+00:00,79.79,81.52,79.32,81.405
USOUSD,D1,2023-04-12 02:00:00+00:00,81.38,83.465,81.22,83.195
USOUSD,D1,2023-04-13 02:00:00+00:00,83.05,83.365,82.06,82.36
USOUSD,D1,2023-04-14 02:00:00+00:00,82.195,83.075,81.73,82.62
USOUSD,D1,2023-04-17 02:00:00+00:00,82.535,82.67,80.45,80.925
USOUSD,D1,2023-04-18 02:00:00+00:00,80.89,81.51,79.925,80.905
USOUSD,D1,2023-04-19 02:00:00+00:00,80.995,81.23,78.54,79.025
USOUSD,D1,2023-04-20 02:00:00+00:00,78.91,79.01,76.975,77.15
USOUSD,D1,2023-04-21 02:00:00+00:00,77.15,78.39,76.735,77.93
USOUSD,D1,2023-04-24 02:00:00+00:00,77.68,79.18,76.73,78.685
USOUSD,D1,2023-04-25 02:00:00+00:00,78.645,79.065,76.525,77.13
USOUSD,D1,2023-04-26 02:00:00+00:00,77.375,77.93,74.06,74.355
USOUSD,D1,2023-04-27 02:00:00+00:00,74.425,75.28,74.04,74.82
USOUSD,D1,2023-04-28 02:00:00+00:00,74.77,76.92,73.93,76.675
USOUSD,D1,2023-05-01 02:00:00+00:00,76.115,76.285,74.53,75.74
USOUSD,D1,2023-05-02 02:00:00+00:00,75.62,76.1,71.42,71.545
USOUSD,D1,2023-05-03 02:00:00+00:00,71.55,71.77,67.965,68.13
USOUSD,D1,2023-05-04 02:00:00+00:00,67.55,69.805,67.5,68.595
USOUSD,D1,2023-05-05 02:00:00+00:00,68.74,71.79,68.485,71.365
USOUSD,D1,2023-05-08 02:00:00+00:00,71.37,73.68,71.04,72.8
USOUSD,D1,2023-05-09 02:00:00+00:00,72.965,73.77,71.345,73.525
USOUSD,D1,2023-05-10 02:00:00+00:00,73.53,73.87,71.805,72.785
USOUSD,D1,2023-05-11 02:00:00+00:00,72.885,73.49,70.63,71.42
USOUSD,D1,2023-05-12 02:00:00+00:00,71.27,71.76,69.94,70.09
USOUSD,D1,2023-05-15 02:00:00+00:00,70.09,71.67,69.39,71.295
USOUSD,D1,2023-05-16 02:00:00+00:00,71.36,71.765,70.44,70.515
USOUSD,D1,2023-05-17 02:00:00+00:00,70.59,73.235,70.03,72.645
USOUSD,D1,2023-05-18 02:00:00+00:00,72.63,72.875,71.46,71.935
USOUSD,D1,2023-05-19 02:00:00+00:00,72.02,73.46,71.1,71.785
USOUSD,D1,2023-05-22 02:00:00+00:00,71.695,72.43,70.585,72.015
USOUSD,D1,2023-05-23 02:00:00+00:00,72.225,73.7,71.63,73.685
USOUSD,D1,2023-05-24 02:00:00+00:00,73.72,74.64,73.05,74.13
USOUSD,D1,2023-05-25 02:00:00+00:00,74.14,74.28,70.92,71.725
USOUSD,D1,2023-05-26 02:00:00+00:00,71.76,72.97,71.42,72.815
USOUSD,D1,2023-05-29 02:00:00+00:00,73.15,73.47,71.96,72.91
USOUSD,D1,2023-05-30 02:00:00+00:00,72.87,73.3,68.96,69.47
USOUSD,D1,2023-05-31 02:00:00+00:00,69.56,69.615,66.98,67.515
USOUSD,D1,2023-06-01 02:00:00+00:00,67.685,70.995,67.455,70.095
USOUSD,D1,2023-06-02 02:00:00+00:00,70.025,72.1,69.94,71.845
USOUSD,D1,2023-06-05 02:00:00+00:00,73.22,73.78,71.68,71.855
USOUSD,D1,2023-06-06 02:00:00+00:00,71.905,72.265,70.08,71.375
USOUSD,D1,2023-06-07 02:00:00+00:00,71.69,73.135,70.97,72.41
USOUSD,D1,2023-06-08 02:00:00+00:00,72.33,73.23,68.99,70.895
USOUSD,D1,2023-06-09 02:00:00+00:00,70.78,71.725,70.06,70.285
USOUSD,D1,2023-06-12 02:00:00+00:00,69.88,69.945,66.77,67.305
USOUSD,D1,2023-06-13 02:00:00+00:00,67.39,69.785,67.115,69.255
USOUSD,D1,2023-06-14 02:00:00+00:00,69.135,70.45,68.05,68.655
USOUSD,D1,2023-06-15 02:00:00+00:00,68.48,70.94,67.955,70.545
USOUSD,D1,2023-06-16 02:00:00+00:00,70.57,71.79,69.95,71.415
USOUSD,D1,2023-06-19 02:00:00+00:00,71.157,72.037,70.597,71.212
USOUSD,D1,2023-06-20 02:00:00+00:00,71.115,72.14,69.55,70.665
USOUSD,D1,2023-06-21 02:00:00+00:00,70.747,72.492,70.642,72.132
USOUSD,D1,2023-06-22 02:00:00+00:00,72.274,72.434,68.734,69.314
USOUSD,D1,2023-06-23 02:00:00+00:00,69.211,69.396,67.151,69.306
USOUSD,D1,2023-06-26 02:00:00+00:00,69.797,69.862,68.532,69.347
USOUSD,D1,2023-06-27 02:00:00+00:00,69.309,69.969,67.329,67.834
USOUSD,D1,2023-06-28 02:00:00+00:00,67.771,69.556,66.876,68.991
USOUSD,D1,2023-06-29 02:00:00+00:00,69.143,70.433,68.773,69.623
USOUSD,D1,2023-06-30 02:00:00+00:00,69.61,70.88,69.405,70.285
USOUSD,D1,2023-07-03 02:00:00+00:00,70.281,71.626,69.561,69.986
USOUSD,D1,2023-07-04 02:00:00+00:00,69.938,71.228,69.778,71.023
USOUSD,D1,2023-07-05 02:00:00+00:00,70.94,72.045,70.235,71.7
USOUSD,D1,2023-07-06 02:00:00+00:00,71.802,72.222,70.112,71.792
USOUSD,D1,2023-07-07 02:00:00+00:00,71.734,73.809,71.084,73.584
USOUSD,D1,2023-07-10 02:00:00+00:00,73.475,74.06,72.675,73.13
USOUSD,D1,2023-07-11 02:00:00+00:00,73.057,74.877,72.907,74.742
USOUSD,D1,2023-07-12 02:00:00+00:00,74.724,76.054,74.604,75.779
USOUSD,D1,2023-07-13 02:00:00+00:00,75.751,77.266,75.266,77.151
USOUSD,D1,2023-07-14 02:00:00+00:00,77.153,77.228,75.058,75.223
USOUSD,D1,2023-07-17 02:00:00+00:00,74.909,76.034,73.814,74.084
USOUSD,D1,2023-07-18 02:00:00+00:00,74.176,75.936,73.876,75.751
USOUSD,D1,2023-07-19 02:00:00+00:00,75.788,76.908,75.073,75.428
USOUSD,D1,2023-07-20 02:00:00+00:00,75.235,76.205,74.575,75.765
USOUSD,D1,2023-07-21 02:00:00+00:00,75.878,77.338,75.768,76.853
USOUSD,D1,2023-07-24 02:00:00+00:00,76.607,79.322,76.487,78.962
USOUSD,D1,2023-07-25 02:00:00+00:00,78.919,79.939,78.329,79.374
USOUSD,D1,2023-07-26 02:00:00+00:00,79.367,79.802,78.597,78.967
USOUSD,D1,2023-07-27 02:00:00+00:00,79.05,80.645,78.99,79.855
USOUSD,D1,2023-07-28 02:00:00+00:00,79.643,80.733,79.113,80.703
USOUSD,D1,2023-07-31 02:00:00+00:00,80.432,82.027,80.162,81.787
USOUSD,D1,2023-08-01 02:00:00+00:00,81.66,82.245,80.63,82.195
USOUSD,D1,2023-08-02 02:00:00+00:00,82.262,82.452,79.082,79.757
USOUSD,D1,2023-08-03 02:00:00+00:00,79.8,81.88,78.725,81.745
USOUSD,D1,2023-08-04 02:00:00+00:00,81.783,83.248,81.543,82.643
USOUSD,D1,2023-08-07 02:00:00+00:00,82.972,83.262,81.552,82.492
USOUSD,D1,2023-08-08 02:00:00+00:00,82.43,83.09,79.935,82.86
USOUSD,D1,2023-08-09 02:00:00+00:00,82.763,84.658,82.688,84.233
USOUSD,D1,2023-08-10 02:00:00+00:00,84.215,84.905,82.635,82.875
USOUSD,D1,2023-08-11 02:00:00+00:00,82.873,83.813,82.233,83.078
USOUSD,D1,2023-08-14 02:00:00+00:00,82.877,83.192,81.767,82.472
USOUSD,D1,2023-08-15 02:00:00+00:00,82.36,82.905,80.405,81.08
USOUSD,D1,2023-08-16 02:00:00+00:00,81.008,81.413,79.063,79.268
USOUSD,D1,2023-08-17 02:00:00+00:00,79.121,81.081,78.951,80.066
USOUSD,D1,2023-08-18 02:00:00+00:00,80.018,81.438,79.518,81.198
USOUSD,D1,2023-08-21 02:00:00+00:00,81.062,82.207,80.452,80.682
USOUSD,D1,2023-08-22 02:00:00+00:00,80.595,80.85,79.94,80.115
USOUSD,D1,2023-08-23 02:00:00+00:00,80.043,80.363,78.088,79.013
USOUSD,D1,2023-08-24 02:00:00+00:00,79.041,79.716,78.036,79.321
USOUSD,D1,2023-08-25 02:00:00+00:00,79.344,80.849,78.609,80.474
USOUSD,D1,2023-08-28 02:00:00+00:00,80.584,81.229,79.989,80.354
USOUSD,D1,2023-08-29 02:00:00+00:00,80.402,81.762,79.707,81.672
USOUSD,D1,2023-08-30 02:00:00+00:00,81.7,82.385,81.225,82.05
USOUSD,D1,2023-08-31 02:00:00+00:00,81.998,83.998,81.808,83.898
USOUSD,D1,2023-09-01 02:00:00+00:00,83.921,86.331,83.841,86.316
USOUSD,D1,2023-09-04 02:00:00+00:00,86.1,86.385,85.53,86.155
USOUSD,D1,2023-09-05 02:00:00+00:00,86.063,88.278,85.263,86.958
USOUSD,D1,2023-09-06 02:00:00+00:00,87.022,88.297,86.157,87.812
USOUSD,D1,2023-09-07 02:00:00+00:00,87.87,87.95,86.6,86.965
USOUSD,D1,2023-09-08 02:00:00+00:00,86.938,88.133,86.353,87.418
USOUSD,D1,2023-09-11 02:00:00+00:00,87.092,88.282,86.852,87.457
USOUSD,D1,2023-09-12 02:00:00+00:00,87.405,89.48,87.335,88.89
USOUSD,D1,2023-09-13 02:00:00+00:00,88.958,89.738,88.388,88.953
USOUSD,D1,2023-09-14 02:00:00+00:00,88.771,90.871,88.771,90.786
USOUSD,D1,2023-09-15 02:00:00+00:00,90.614,91.294,89.294,91.269
USOUSD,D1,2023-09-18 02:00:00+00:00,90.994,92.439,90.769,92.254
USOUSD,D1,2023-09-19 02:00:00+00:00,92.2,93.58,91.48,91.855
USOUSD,D1,2023-09-20 02:00:00+00:00,91.813,92.193,90.113,90.373
USOUSD,D1,2023-09-21 02:00:00+00:00,90.28,92.09,89.485,90.695
USOUSD,D1,2023-09-22 02:00:00+00:00,90.806,92.386,90.391,91.411
USOUSD,D1,2023-09-25 02:00:00+00:00,91.544,91.779,89.989,90.844
USOUSD,D1,2023-09-26 02:00:00+00:00,90.661,91.631,89.121,91.466
USOUSD,D1,2023-09-27 02:00:00+00:00,91.482,95.042,91.472,94.592
USOUSD,D1,2023-09-28 02:00:00+00:00,94.693,95.868,92.238,92.638
USOUSD,D1,2023-09-29 02:00:00+00:00,92.484,93.879,91.159,91.539
USOUSD,D1,2023-10-02 02:00:00+00:00,91.808,92.558,89.138,89.303
USOUSD,D1,2023-10-03 02:00:00+00:00,89.169,90.909,88.409,90.084
USOUSD,D1,2023-10-04 02:00:00+00:00,89.965,90.19,84.78,85.055
USOUSD,D1,2023-10-05 02:00:00+00:00,84.867,85.482,82.722,83.122
USOUSD,D1,2023-10-06 02:00:00+00:00,83.303,83.783,82.068,83.338
USOUSD,D1,2023-10-09 02:00:00+00:00,86.152,87.647,85.287,86.782
USOUSD,D1,2023-10-10 02:00:00+00:00,86.758,87.103,85.498,86.328
USOUSD,D1,2023-10-11 02:00:00+00:00,86.299,86.849,83.459,83.614
USOUSD,D1,2023-10-12 02:00:00+00:00,83.445,85.49,82.61,83.8
USOUSD,D1,2023-10-13 02:00:00+00:00,83.791,88.081,83.641,87.946
USOUSD,D1,2023-10-16 02:00:00+00:00,87.625,88.465,86.465,87.175
USOUSD,D1,2023-10-17 02:00:00+00:00,86.991,87.846,85.706,87.811
USOUSD,D1,2023-10-18 02:00:00+00:00,88.336,89.926,87.621,88.496
USOUSD,D1,2023-10-19 02:00:00+00:00,88.433,90.853,86.813,90.498
USOUSD,D1,2023-10-20 02:00:00+00:00,90.484,91.119,88.834,89.644
USOUSD,D1,2023-10-23 02:00:00+00:00,88.953,89.388,86.513,87.258
USOUSD,D1,2023-10-24 02:00:00+00:00,87.321,87.381,84.081,84.786
USOUSD,D1,2023-10-25 02:00:00+00:00,84.729,86.629,83.169,86.374
USOUSD,D1,2023-10-26 02:00:00+00:00,86.222,86.622,83.602,84.522
USOUSD,D1,2023-10-27 02:00:00+00:00,84.661,86.876,84.096,86.181
USOUSD,D1,2023-10-30 01:00:00+00:00,85.435,85.84,82.7,83.445
USOUSD,D1,2023-10-31 01:00:00+00:00,83.453,84.183,81.573,82.173
USOUSD,D1,2023-11-01 01:00:00+00:00,82.146,84.186,81.086,81.671
USOUSD,D1,2023-11-02 01:00:00+00:00,81.664,83.554,80.969,83.229
USOUSD,D1,2023-11-03 01:00:00+00:00,83.277,84.292,80.812,81.567
USOUSD,D1,2023-11-06 01:00:00+00:00,81.572,82.802,81.307,81.482
USOUSD,D1,2023-11-07 01:00:00+00:00,81.23,81.245,77.63,77.65
USOUSD,D1,2023-11-08 01:00:00+00:00,77.503,78.013,75.433,76.068
USOUSD,D1,2023-11-09 01:00:00+00:00,76.071,77.551,75.666,76.026
USOUSD,D1,2023-11-10 01:00:00+00:00,75.944,78.129,75.919,77.764
USOUSD,D1,2023-11-13 01:00:00+00:00,77.008,78.908,76.498,78.798
USOUSD,D1,2023-11-14 01:00:00+00:00,78.696,80.001,78.036,78.446
USOUSD,D1,2023-11-15 01:00:00+00:00,78.409,78.959,76.519,76.764
USOUSD,D1,2023-11-16 01:00:00+00:00,76.523,76.773,72.323,73.063
USOUSD,D1,2023-11-17 01:00:00+00:00,72.995,76.09,72.825,75.99
USOUSD,D1,2023-11-20 01:00:00+00:00,75.765,78.24,75.715,77.385
USOUSD,D1,2023-11-21 01:00:00+00:00,77.552,77.707,76.717,77.612
USOUSD,D1,2023-11-22 01:00:00+00:00,77.598,77.763,73.593,76.598
USOUSD,D1,2023-11-23 01:00:00+00:00,76.26,76.55,75.105,76.025
USOUSD,D1,2023-11-24 01:00:00+00:00,76.282,76.887,74.902,75.092
USOUSD,D1,2023-11-27 01:00:00+00:00,75.463,76.043,73.898,74.863
USOUSD,D1,2023-11-28 01:00:00+00:00,74.985,76.855,74.49,76.41
USOUSD,D1,2023-11-29 01:00:00+00:00,76.692,77.932,75.542,77.557
USOUSD,D1,2023-11-30 01:00:00+00:00,77.509,79.439,74.914,75.464
USOUSD,D1,2023-12-01 01:00:00+00:00,75.786,76.611,73.806,74.251
USOUSD,D1,2023-12-04 01:00:00+00:00,74.371,74.586,72.516,73.171
USOUSD,D1,2023-12-05 01:00:00+00:00,73.083,73.998,71.918,71.958
USOUSD,D1,2023-12-06 01:00:00+00:00,72.11,72.49,69.0,69.15
USOUSD,D1,2023-12-07 01:00:00+00:00,69.372,70.377,68.707,69.552
USOUSD,D1,2023-12-08 01:00:00+00:00,69.819,71.529,69.414,71.164
USOUSD,D1,2023-12-11 01:00:00+00:00,71.425,71.735,70.29,71.33
USOUSD,D1,2023-12-12 01:00:00+00:00,71.357,71.887,68.162,68.692
USOUSD,D1,2023-12-13 01:00:00+00:00,68.444,69.824,67.659,69.804
USOUSD,D1,2023-12-14 01:00:00+00:00,69.895,72.385,69.495,71.6
USOUSD,D1,2023-12-15 01:00:00+00:00,71.652,72.177,70.272,71.752
USOUSD,D1,2023-12-18 01:00:00+00:00,71.883,74.263,70.638,72.533
USOUSD,D1,2023-12-19 01:00:00+00:00,72.675,74.07,71.82,73.835
USOUSD,D1,2023-12-20 01:00:00+00:00,73.77,75.035,73.29,73.475
USOUSD,D1,2023-12-21 01:00:00+00:00,73.359,74.259,72.164,73.609
USOUSD,D1,2023-12-22 01:00:00+00:00,73.624,74.664,73.079,73.134
USOUSD,D1,2023-12-26 01:00:00+00:00,73.248,75.898,72.868,75.153
USOUSD,D1,2023-12-27 01:00:00+00:00,75.103,75.383,73.503,73.553
USOUSD,D1,2023-12-28 01:00:00+00:00,73.852,74.137,71.467,71.782
USOUSD,D1,2023-12-29 01:00:00+00:00,71.767,72.367,71.007,71.102
USOUSD,D1,2024-01-02 01:00:00+00:00,71.866,73.431,69.856,70.281
USOUSD,D1,2024-01-03 01:00:00+00:00,70.331,73.026,69.086,72.811
USOUSD,D1,2024-01-04 01:00:00+00:00,73.005,73.805,70.89,72.21
USOUSD,D1,2024-01-05 01:00:00+00:00,72.255,74.055,72.21,73.77
USOUSD,D1,2024-01-08 01:00:00+00:00,73.449,73.574,69.984,70.774
USOUSD,D1,2024-01-09 01:00:00+00:00,70.709,72.784,70.329,72.079
USOUSD,D1,2024-01-10 01:00:00+00:00,72.219,73.454,70.884,71.184
USOUSD,D1,2024-01-11 01:00:00+00:00,71.218,73.683,71.193,72.728
USOUSD,D1,2024-01-12 01:00:00+00:00,73.233,75.133,72.283,72.688
USOUSD,D1,2024-01-15 01:00:00+00:00,72.48,72.851,71.161,72.381
USOUSD,D1,2024-01-16 01:00:00+00:00,72.503,73.492,71.642,71.837
USOUSD,D1,2024-01-17 01:00:00+00:00,71.796,72.881,70.451,72.771
USOUSD,D1,2024-01-18 01:00:00+00:00,72.876,74.326,72.166,73.956
USOUSD,D1,2024-01-19 01:00:00+00:00,74.146,74.761,73.141,73.581
USOUSD,D1,2024-01-22 01:00:00+00:00,73.29,75.62,72.73,74.825
USOUSD,D1,2024-01-23 01:00:00+00:00,74.879,75.404,73.574,74.669
USOUSD,D1,2024-01-24 01:00:00+00:00,74.568,75.988,74.123,75.503
USOUSD,D1,2024-01-25 01:00:00+00:00,75.551,77.641,75.311,77.256
USOUSD,D1,2024-01-26 01:00:00+00:00,77.245,78.395,76.21,78.315
USOUSD,D1,2024-01-29 01:00:00+00:00,78.277,78.717,76.547,77.107
USOUSD,D1,2024-01-30 01:00:00+00:00,77.19,78.25,75.975,77.905
USOUSD,D1,2024-01-31 01:00:00+00:00,78.074,78.074,75.664,75.949
USOUSD,D1,2024-02-01 01:00:00+00:00,75.968,77.043,73.818,74.023
USOUSD,D1,2024-02-02 01:00:00+00:00,74.362,74.602,71.902,72.467
USOUSD,D1,2024-02-05 01:00:00+00:00,72.483,73.353,71.493,72.888
USOUSD,D1,2024-02-06 01:00:00+00:00,72.807,73.877,72.457,73.527
USOUSD,D1,2024-02-07 01:00:00+00:00,73.591,74.271,73.296,74.141
USOUSD,D1,2024-02-08 01:00:00+00:00,74.024,76.639,73.634,76.519
USOUSD,D1,2024-02-09 01:00:00+00:00,76.458,77.328,75.988,76.653
USOUSD,D1,2024-02-12 01:00:00+00:00,76.44,77.125,75.59,76.975
USOUSD,D1,2024-02-13 01:00:00+00:00,76.983,78.503,76.903,77.798
USOUSD,D1,2024-02-14 01:00:00+00:00,77.687,78.797,76.407,76.587
USOUSD,D1,2024-02-15 01:00:00+00:00,76.441,78.446,75.791,78.086
USOUSD,D1,2024-02-16 01:00:00+00:00,78.02,79.015,77.195,78.72
USOUSD,D1,2024-02-19 01:00:00+00:00,78.321,79.036,78.116,78.731
USOUSD,D1,2024-02-20 01:00:00+00:00,78.655,79.02,77.3,77.69
USOUSD,D1,2024-02-21 01:00:00+00:00,77.568,78.533,76.783,78.508
USOUSD,D1,2024-02-22 01:00:00+00:00,78.496,79.356,77.676,78.791
USOUSD,D1,2024-02-23 01:00:00+00:00,78.739,78.809,76.779,77.024
USOUSD,D1,2024-02-26 01:00:00+00:00,76.564,78.399,76.219,77.979
USOUSD,D1,2024-02-27 01:00:00+00:00,78.077,79.312,77.532,78.887
USOUSD,D1,2024-02-28 01:00:00+00:00,78.865,79.95,78.135,78.635
USOUSD,D1,2024-02-29 01:00:00+00:00,78.618,79.593,78.268,78.618
USOUSD,D1,2024-03-01 01:00:00+00:00,78.741,81.151,78.361,80.111
USOUSD,D1,2024-03-04 01:00:00+00:00,80.435,80.66,78.82,79.025
USOUSD,D1,2024-03-05 01:00:00+00:00,78.883,79.733,77.763,78.378
USOUSD,D1,2024-03-06 01:00:00+00:00,78.377,80.887,78.217,79.347
USOUSD,D1,2024-03-07 01:00:00+00:00,79.455,79.73,78.24,79.665
USOUSD,D1,2024-03-08 01:00:00+00:00,79.543,80.168,77.743,78.023
USOUSD,D1,2024-03-11 01:00:00+00:00,77.932,78.602,76.932,78.262
USOUSD,D1,2024-03-12 01:00:00+00:00,78.215,78.835,77.465,78.155
USOUSD,D1,2024-03-13 01:00:00+00:00,78.073,79.998,77.688,79.713
USOUSD,D1,2024-03-14 01:00:00+00:00,79.811,81.701,79.731,81.156
USOUSD,D1,2024-03-15 01:00:00+00:00,81.099,81.504,80.564,81.094
USOUSD,D1,2024-03-18 01:00:00+00:00,81.039,83.109,81.034,82.839
USOUSD,D1,2024-03-19 01:00:00+00:00,82.817,83.717,82.417,83.122
USOUSD,D1,2024-03-20 01:00:00+00:00,83.05,83.235,81.42,82.02
USOUSD,D1,2024-03-21 01:00:00+00:00,82.172,82.477,80.882,81.387
USOUSD,D1,2024-03-22 01:00:00+00:00,81.444,82.004,80.964,81.349
USOUSD,D1,2024-03-25 01:00:00+00:00,81.349,82.959,81.219,82.479
USOUSD,D1,2024-03-26 01:00:00+00:00,82.531,82.821,81.706,81.756
USOUSD,D1,2024-03-27 01:00:00+00:00,81.743,82.193,81.013,82.158
USOUSD,D1,2024-03-28 01:00:00+00:00,82.175,83.645,81.955,83.555
USOUSD,D1,2024-04-01 02:00:00+00:00,83.527,84.852,82.987,84.352
USOUSD,D1,2024-04-02 02:00:00+00:00,84.234,85.839,84.214,85.789
USOUSD,D1,2024-04-03 02:00:00+00:00,85.765,86.525,85.185,85.97
USOUSD,D1,2024-04-04 02:00:00+00:00,85.917,87.527,84.957,87.157
USOUSD,D1,2024-04-05 02:00:00+00:00,87.249,87.919,86.619,87.024
USOUSD,D1,2024-04-08 02:00:00+00:00,86.05,87.34,84.935,86.805
USOUSD,D1,2024-04-09 02:00:00+00:00,86.896,87.196,85.316,85.551
USOUSD,D1,2024-04-10 02:00:00+00:00,85.548,86.578,84.758,86.458
USOUSD,D1,2024-04-11 02:00:00+00:00,86.43,86.81,85.03,85.77
USOUSD,D1,2024-04-12 02:00:00+00:00,85.622,87.792,85.482,85.627
USOUSD,D1,2024-04-15 02:00:00+00:00,85.722,85.847,84.167,85.762
USOUSD,D1,2024-04-16 02:00:00+00:00,85.919,86.269,84.839,85.394
USOUSD,D1,2024-04-17 02:00:00+00:00,85.521,85.581,82.621,82.926
USOUSD,D1,2024-04-18 02:00:00+00:00,82.888,83.513,81.628,82.558
USOUSD,D1,2024-04-19 02:00:00+00:00,82.755,86.275,81.835,82.79
USOUSD,D1,2024-04-22 02:00:00+00:00,82.541,82.891,81.331,82.746
USOUSD,D1,2024-04-23 02:00:00+00:00,82.709,84.029,81.479,83.984
USOUSD,D1,2024-04-24 02:00:00+00:00,84.027,84.247,83.007,83.402
USOUSD,D1,2024-04-25 02:00:00+00:00,83.226,84.366,82.556,84.321
USOUSD,D1,2024-04-26 02:00:00+00:00,84.299,84.974,83.884,84.229
USOUSD,D1,2024-04-29 02:00:00+00:00,83.674,84.369,82.869,83.204
USOUSD,D1,2024-04-30 02:00:00+00:00,83.067,83.732,81.397,81.972
USOUSD,D1,2024-05-01 02:00:00+00:00,81.82,81.985,79.245,79.55
USOUSD,D1,2024-05-02 02:00:00+00:00,79.523,80.293,78.813,79.458
USOUSD,D1,2024-05-03 02:00:00+00:00,79.672,79.992,78.332,78.362
USOUSD,D1,2024-05-06 02:00:00+00:00,78.651,79.396,78.236,78.986
USOUSD,D1,2024-05-07 02:00:00+00:00,79.17,79.385,77.845,78.65
USOUSD,D1,2024-05-08 02:00:00+00:00,78.578,79.533,77.173,79.488
USOUSD,D1,2024-05-09 02:00:00+00:00,79.506,80.041,79.161,79.826
USOUSD,D1,2024-05-10 02:00:00+00:00,79.894,80.189,78.369,78.414
USOUSD,D1,2024-05-13 02:00:00+00:00,78.244,79.644,77.944,79.359
USOUSD,D1,2024-05-14 02:00:00+00:00,79.272,79.522,77.827,78.577
USOUSD,D1,2024-05-15 02:00:00+00:00,78.541,79.031,76.821,78.981
USOUSD,D1,2024-05-16 02:00:00+00:00,79.079,79.939,78.299,79.434
USOUSD,D1,2024-05-17 02:00:00+00:00,79.477,80.217,79.152,80.077
USOUSD,D1,2024-05-20 02:00:00+00:00,79.857,80.602,79.182,79.707
USOUSD,D1,2024-05-21 02:00:00+00:00,79.765,79.765,78.13,78.665
USOUSD,D1,2024-05-22 02:00:00+00:00,78.764,78.864,77.704,77.704
USOUSD,D1,2024-05-23 02:00:00+00:00,77.662,79.107,76.877,77.412
USOUSD,D1,2024-05-24 02:00:00+00:00,77.261,78.461,76.581,78.236
USOUSD,D1,2024-05-27 02:00:00+00:00,78.107,79.172,78.097,78.987
USOUSD,D1,2024-05-28 02:00:00+00:00,78.986,80.646,78.876,80.636
USOUSD,D1,2024-05-29 02:00:00+00:00,80.604,80.959,79.339,79.604
USOUSD,D1,2024-05-30 02:00:00+00:00,79.628,79.723,77.963,78.213
USOUSD,D1,2024-05-31 02:00:00+00:00,78.167,78.927,76.977,77.482
USOUSD,D1,2024-06-03 02:00:00+00:00,77.113,77.778,74.243,74.278
USOUSD,D1,2024-06-04 02:00:00+00:00,74.076,74.361,72.731,73.156
USOUSD,D1,2024-06-05 02:00:00+00:00,73.075,74.555,73.055,74.525
USOUSD,D1,2024-06-06 02:00:00+00:00,74.569,75.999,74.279,75.879
USOUSD,D1,2024-06-07 02:00:00+00:00,75.872,76.442,75.412,75.607
USOUSD,D1,2024-06-10 02:00:00+00:00,75.468,78.433,75.413,78.388
USOUSD,D1,2024-06-11 02:00:00+00:00,78.262,78.487,77.372,78.302
USOUSD,D1,2024-06-12 02:00:00+00:00,78.296,79.431,78.011,78.431
USOUSD,D1,2024-06-13 02:00:00+00:00,78.464,78.984,77.774,78.034
USOUSD,D1,2024-06-14 02:00:00+00:00,78.003,79.228,77.808,78.578
USOUSD,D1,2024-06-17 02:00:00+00:00,78.454,80.699,78.019,80.624
USOUSD,D1,2024-06-18 02:00:00+00:00,80.568,81.523,79.843,81.448
USOUSD,D1,2024-06-19 02:00:00+00:00,81.346,81.816,80.976,81.301
USOUSD,D1,2024-06-20 02:00:00+00:00,81.215,82.15,81.05,81.88
USOUSD,D1,2024-06-21 02:00:00+00:00,81.914,82.409,80.979,81.204
USOUSD,D1,2024-06-24 02:00:00+00:00,81.102,82.332,80.797,82.302
USOUSD,D1,2024-06-25 02:00:00+00:00,82.382,82.432,81.102,81.312
USOUSD,D1,2024-06-26 02:00:00+00:00,81.261,82.156,80.716,81.421
USOUSD,D1,2024-06-27 02:00:00+00:00,81.341,82.536,81.016,82.306
USOUSD,D1,2024-06-28 02:00:00+00:00,82.345,83.195,81.455,81.97
USOUSD,D1,2024-07-01 02:00:00+00:00,81.868,84.033,81.843,83.803
USOUSD,D1,2024-07-02 02:00:00+00:00,83.802,84.772,83.122,83.562
USOUSD,D1,2024-07-03 02:00:00+00:00,83.402,84.312,82.832,83.992
USOUSD,D1,2024-07-04 02:00:00+00:00,83.946,84.551,83.381,84.551
USOUSD,D1,2024-07-05 02:00:00+00:00,84.386,84.851,83.411,83.691
USOUSD,D1,2024-07-08 02:00:00+00:00,83.334,83.579,82.369,82.539
USOUSD,D1,2024-07-09 02:00:00+00:00,82.498,82.728,81.518,82.073
USOUSD,D1,2024-07-10 02:00:00+00:00,81.967,82.887,81.037,82.647
USOUSD,D1,2024-07-11 02:00:00+00:00,82.597,83.337,81.847,83.097
USOUSD,D1,2024-07-12 02:00:00+00:00,83.116,83.931,82.296,82.386
USOUSD,D1,2024-07-15 02:00:00+00:00,82.419,82.694,81.594,82.094
USOUSD,D1,2024-07-16 02:00:00+00:00,82.019,82.034,80.334,80.929
USOUSD,D1,2024-07-17 02:00:00+00:00,80.898,83.183,80.553,83.183
USOUSD,D1,2024-07-18 02:00:00+00:00,83.167,83.792,82.142,82.367
USOUSD,D1,2024-07-19 02:00:00+00:00,82.367,82.842,80.102,80.147
USOUSD,D1,2024-07-22 02:00:00+00:00,80.2,80.58,79.02,79.675
USOUSD,D1,2024-07-23 02:00:00+00:00,79.66,80.115,77.8,78.865
USOUSD,D1,2024-07-24 02:00:00+00:00,78.779,79.524,78.319,78.844
USOUSD,D1,2024-07-25 02:00:00+00:00,78.784,79.759,77.329,79.639
USOUSD,D1,2024-07-26 02:00:00+00:00,79.569,79.839,77.439,77.689
USOUSD,D1,2024-07-29 02:00:00+00:00,78.553,78.778,76.458,77.033
USOUSD,D1,2024-07-30 02:00:00+00:00,76.942,77.012,75.657,76.307
USOUSD,D1,2024-07-31 02:00:00+00:00,76.207,79.647,76.172,79.622
USOUSD,D1,2024-08-01 02:00:00+00:00,79.527,79.817,77.197,77.877
USOUSD,D1,2024-08-02 02:00:00+00:00,77.741,78.186,73.866,75.031
USOUSD,D1,2024-08-05 02:00:00+00:00,74.91,75.2,72.415,74.65
USOUSD,D1,2024-08-06 02:00:00+00:00,74.72,75.25,72.9,73.64
USOUSD,D1,2024-08-07 02:00:00+00:00,73.564,76.474,73.224,76.079
USOUSD,D1,2024-08-08 02:00:00+00:00,76.049,77.099,75.194,76.679
USOUSD,D1,2024-08-09 02:00:00+00:00,76.524,77.624,76.394,77.574
USOUSD,D1,2024-08-12 02:00:00+00:00,77.318,80.543,77.098,80.053
USOUSD,D1,2024-08-13 02:00:00+00:00,79.992,80.472,78.512,78.987
USOUSD,D1,2024-08-14 02:00:00+00:00,78.942,79.387,77.112,77.472
USOUSD,D1,2024-08-15 02:00:00+00:00,77.697,78.832,77.177,78.337
USOUSD,D1,2024-08-16 02:00:00+00:00,78.296,78.306,75.861,76.801
USOUSD,D1,2024-08-19 02:00:00+00:00,76.63,76.91,74.64,75.005
USOUSD,D1,2024-08-20 02:00:00+00:00,74.895,75.5,73.69,74.235
USOUSD,D1,2024-08-21 02:00:00+00:00,74.238,75.243,72.573,73.033
USOUSD,D1,2024-08-22 02:00:00+00:00,73.011,74.566,72.646,74.041
USOUSD,D1,2024-08-23 02:00:00+00:00,73.944,76.099,73.859,75.989
USOUSD,D1,2024-08-26 02:00:00+00:00,76.132,78.502,75.972,78.072
USOUSD,D1,2024-08-27 02:00:00+00:00,78.09,78.35,76.28,76.635
USOUSD,D1,2024-08-28 02:00:00+00:00,76.568,76.793,74.703,75.228
USOUSD,D1,2024-08-29 02:00:00+00:00,75.221,77.706,74.866,76.831
USOUSD,D1,2024-08-30 02:00:00+00:00,76.659,77.344,74.129,74.409
USOUSD,D1,2024-09-02 02:00:00+00:00,74.183,75.048,73.538,74.693
USOUSD,D1,2024-09-03 02:00:00+00:00,74.586,74.901,70.721,70.836
USOUSD,D1,2024-09-04 02:00:00+00:00,70.884,72.034,69.399,69.829
USOUSD,D1,2024-09-05 02:00:00+00:00,69.801,71.346,69.316,69.876
USOUSD,D1,2024-09-06 02:00:00+00:00,69.889,70.639,67.674,68.644
USOUSD,D1,2024-09-09 02:00:00+00:00,68.493,69.348,67.708,69.188
USOUSD,D1,2024-09-10 02:00:00+00:00,69.116,69.441,65.631,66.656
USOUSD,D1,2024-09-11 02:00:00+00:00,66.624,68.279,65.949,67.674
USOUSD,D1,2024-09-12 02:00:00+00:00,67.587,70.087,67.517,69.462
USOUSD,D1,2024-09-13 02:00:00+00:00,69.68,70.56,68.73,69.505
USOUSD,D1,2024-09-16 02:00:00+00:00,69.503,70.818,68.788,70.638
USOUSD,D1,2024-09-17 02:00:00+00:00,70.596,72.011,69.706,71.216
USOUSD,D1,2024-09-18 02:00:00+00:00,71.199,71.539,69.784,70.199
USOUSD,D1,2024-09-19 02:00:00+00:00,70.149,72.519,70.134,72.124
USOUSD,D1,2024-09-20 02:00:00+00:00,72.107,72.402,71.332,72.212
USOUSD,D1,2024-09-23 02:00:00+00:00,72.196,72.676,70.361,71.596
USOUSD,D1,2024-09-24 02:00:00+00:00,71.6,73.23,71.28,72.38
USOUSD,D1,2024-09-25 02:00:00+00:00,72.345,72.525,70.07,70.65
USOUSD,D1,2024-09-26 02:00:00+00:00,70.569,70.769,67.729,68.239
USOUSD,D1,2024-09-27 02:00:00+00:00,68.244,69.389,67.809,69.374
USOUSD,D1,2024-09-30 02:00:00+00:00,69.163,69.968,68.228,68.948
USOUSD,D1,2024-10-01 02:00:00+00:00,68.998,72.548,66.968,71.353
USOUSD,D1,2024-10-02 02:00:00+00:00,71.35,73.072,70.472,71.602
USOUSD,D1,2024-10-03 02:00:00+00:00,71.502,74.637,71.107,74.277
USOUSD,D1,2024-10-04 02:00:00+00:00,74.422,76.097,74.007,74.987
USOUSD,D1,2024-10-07 02:00:00+00:00,74.56,77.83,74.065,77.73
USOUSD,D1,2024-10-08 02:00:00+00:00,77.785,78.865,73.12,74.3
USOUSD,D1,2024-10-09 02:00:00+00:00,74.2,74.815,71.945,73.745
USOUSD,D1,2024-10-10 02:00:00+00:00,73.719,76.584,73.669,75.919
USOUSD,D1,2024-10-11 02:00:00+00:00,76.054,76.354,74.854,75.819
USOUSD,D1,2024-10-14 02:00:00+00:00,75.108,75.138,72.048,72.108
USOUSD,D1,2024-10-15 02:00:00+00:00,71.718,72.313,69.923,71.238
USOUSD,D1,2024-10-16 02:00:00+00:00,71.132,71.447,69.827,70.867
USOUSD,D1,2024-10-17 02:00:00+00:00,70.772,71.247,69.582,70.897
USOUSD,D1,2024-10-18 02:00:00+00:00,70.826,71.341,68.846,69.511
USOUSD,D1,2024-10-21 02:00:00+00:00,69.505,70.975,69.06,70.365
USOUSD,D1,2024-10-22 02:00:00+00:00,70.48,72.64,69.91,71.865
USOUSD,D1,2024-10-23 02:00:00+00:00,71.88,72.25,70.67,71.575
USOUSD,D1,2024-10-24 02:00:00+00:00,71.506,72.851,70.281,70.856
USOUSD,D1,2024-10-25 02:00:00+00:00,70.841,72.411,70.471,72.171
USOUSD,D1,2024-10-28 01:00:00+00:00,68.807,69.307,67.362,68.447
USOUSD,D1,2024-10-29 01:00:00+00:00,68.392,68.932,67.142,67.907
USOUSD,D1,2024-10-30 01:00:00+00:00,67.748,69.563,67.683,69.493
USOUSD,D1,2024-10-31 01:00:00+00:00,69.408,71.148,68.673,70.903
USOUSD,D1,2024-11-01 01:00:00+00:00,70.868,71.783,69.683,69.703
USOUSD,D1,2024-11-04 01:00:00+00:00,70.829,72.109,70.564,71.989
USOUSD,D1,2024-11-05 01:00:00+00:00,71.915,72.945,71.58,72.285
USOUSD,D1,2024-11-06 01:00:00+00:00,72.28,72.885,70.015,72.13
USOUSD,D1,2024-11-07 01:00:00+00:00,72.031,73.106,70.936,72.426
USOUSD,D1,2024-11-08 01:00:00+00:00,72.371,72.471,70.221,70.646
USOUSD,D1,2024-11-11 01:00:00+00:00,70.367,70.717,68.102,68.307
USOUSD,D1,2024-11-12 01:00:00+00:00,68.262,69.277,67.897,68.112
USOUSD,D1,2024-11-13 01:00:00+00:00,68.118,68.983,67.073,68.173
USOUSD,D1,2024-11-14 01:00:00+00:00,68.168,69.488,68.028,68.728
USOUSD,D1,2024-11-15 01:00:00+00:00,68.638,68.783,66.993,67.163
USOUSD,D1,2024-11-18 01:00:00+00:00,66.954,69.579,66.754,69.294
USOUSD,D1,2024-11-19 01:00:00+00:00,69.24,69.93,68.68,69.465
USOUSD,D1,2024-11-20 01:00:00+00:00,69.46,70.13,68.82,69.215
USOUSD,D1,2024-11-21 01:00:00+00:00,69.213,70.543,69.033,70.293
USOUSD,D1,2024-11-22 01:00:00+00:00,70.292,71.662,69.457,71.337
USOUSD,D1,2024-11-25 01:00:00+00:00,71.502,71.572,68.897,69.222
USOUSD,D1,2024-11-26 01:00:00+00:00,69.191,70.436,68.191,69.106
USOUSD,D1,2024-11-27 01:00:00+00:00,69.014,69.494,68.314,68.899
USOUSD,D1,2024-11-28 01:00:00+00:00,68.853,69.408,68.398,69.023
USOUSD,D1,2024-11-29 01:00:00+00:00,68.996,69.801,68.006,68.261
USOUSD,D1,2024-12-02 01:00:00+00:00,68.136,69.201,67.811,68.251
USOUSD,D1,2024-12-03 01:00:00+00:00,68.23,70.31,68.005,70.06
USOUSD,D1,2024-12-04 01:00:00+00:00,70.038,70.593,68.588,68.793
USOUSD,D1,2024-12-05 01:00:00+00:00,68.807,69.232,68.067,68.507
USOUSD,D1,2024-12-06 01:00:00+00:00,68.5,68.555,67.065,67.23
USOUSD,D1,2024-12-09 01:00:00+00:00,67.16,68.93,67.14,68.195
USOUSD,D1,2024-12-10 01:00:00+00:00,68.199,69.099,67.759,68.519
USOUSD,D1,2024-12-11 01:00:00+00:00,68.527,70.562,68.482,70.422
USOUSD,D1,2024-12-12 01:00:00+00:00,70.426,70.736,69.176,70.046
USOUSD,D1,2024-12-13 01:00:00+00:00,70.069,71.439,69.899,71.099
USOUSD,D1,2024-12-16 01:00:00+00:00,71.165,71.205,70.38,70.655
USOUSD,D1,2024-12-17 01:00:00+00:00,70.645,70.93,69.23,70.225
USOUSD,D1,2024-12-18 01:00:00+00:00,70.208,71.183,69.783,69.858
USOUSD,D1,2024-12-19 01:00:00+00:00,69.892,70.957,69.487,69.612
USOUSD,D1,2024-12-20 01:00:00+00:00,69.62,70.22,68.835,69.925
USOUSD,D1,2024-12-23 01:00:00+00:00,69.804,70.264,68.929,69.894
USOUSD,D1,2024-12-24 01:00:00+00:00,69.807,70.742,69.687,70.447
USOUSD,D1,2024-12-26 01:00:00+00:00,70.518,71.038,69.633,69.953
USOUSD,D1,2024-12-27 01:00:00+00:00,69.936,71.031,69.721,70.521
USOUSD,D1,2024-12-30 01:00:00+00:00,70.43,71.805,70.38,71.4
USOUSD,D1,2024-12-31 01:00:00+00:00,71.383,72.253,71.113,72.103
